id,title,kind,size,copies,archived
0004556b,specdraw C,code,2610,3,
00236b64,FALLOUT,basic,1692,3,yes
002b8c12,AUTOSTART,code,5089,1,
003ad910,*sky1,code,3722,2,
003bc2d8,*maps5,code,4256,2,
003f8b1d,cd2,screen,6912,4,
004bc6cd,BORDR5,code,192,2,
0063af56,GYPdoc,code,8462,1,
007111fb,chessdoc,basic,5188,3,
0071949d,TASWOR,loader,5858,1,
00780d26,tss-1,code,3737,1,
007df525,INIT,basic,562,8,
00867a94,PAGE 11,basic,7083,1,
0089013b,DASC01,code,6937,1,
00948e16,PARCHISI,basic,9279,4,matched
009ee5f9,FORMAT,code,4224,2,
00b0cbfa,nwsp7,code,1602,1,
00b424d1,MAPPER,basic,1630,3,
00b64f4b,FILES,str-array,9928,3,
00ce84a4,BORDR1,code,355,1,
00dd40c9,sprt2,code,8361,1,
00f09dc2,masthead3,code,24064,6,
01003e28,KNGHTS,loader,185,1,
010d4b48,AUTOSTART,code,5062,1,
01128406,rp,code,3644,1,
0116cec2,NMI-F,loader,1001,1,
0124fa0a,mis20,code,9001,2,
012ad21a,tss-2,code,3865,1,
012c345b,+black,code,4809,2,
012cb92f,UPDATE-PF,code,4318,1,
013935e1,billboard,basic,670,7,
0148c523,planet,loader,11025,1,
0156b931,BORDR3,code,217,1,
016740bb,BJ,code,168,4,
016a92fa,macro2,screen,6912,4,
017f99b7,TRAINS,basic,2131,3,yes
01b3bb4c,Derby Day,basic,3281,3,yes
01c0c2b3,CLOver,basic,247,3,matched
01c5393b,wdpro,code,5090,1,
01ca7f39,ibm,font,768,1,
01cc06f2,ESYWRD,basic,524,1,
01d1632e,INPUT,basic,246,3,yes
01ec6986,comp1-,code,7864,5,
01ed9944,SIEGLE,code,2041,1,
01f2db0a,CML,code,1724,1,
01f5d560,Extractor,basic,6395,2,yes
01f67952,CARD,loader,7011,1,
01fdf0dd,Chomper,basic,6993,3,matched
01ff2e9f,ZXMtermLd,basic,2198,2,yes
0205c2d1,vhs titles,basic,1011,4,
0207871b,TASWORDD,state,49664,2,
020ab8b1,Cats&Truks,basic,1620,3,
020ae94d,DEM23,code,4096,2,
020d260a,ICHING,state,49664,3,
02132219,life ins,basic,3359,10,yes
021e2005,FLYING,basic,201,3,
02258185,amortize,basic,9505,4,
0226a3fd,Poojan,basic,25440,2,
022ec001,DEM3,code,4096,2,
0235a4a0,HUNTER,basic,1471,3,yes
0236ee75,SkateWars,state,49664,2,
023c71ee,CK Type,basic,690,3,
02518e09,AUTOSTART,loader,3616,1,
02531595,DEM52,code,4096,2,
025bb716,GOLF,loader,7912,2,
025e0e40,script,screen,6912,1,
025e395c,ALLFONE4,basic,4588,5,yes
025feb26,AUTOSTART,loader,3824,1,
0269be1f,OHM'S LAW,basic,1125,3,yes
026a7e78,bold,basic,327,4,
026b3e4f,FIRST EDITION 1.0,loader,1943,5,
02830772,Gmate,loader,5881,2,
02892eec,PLANET,loader,318,2,
028f7d5b,cruz,code,1112,1,
029f43cd,copy12,loader,4464,6,
02bc226e,cpr,screen,6912,4,
02bcc477,WUMPUS,loader,9511,2,matched
02ca1041,helvet,font,768,1,
02d5dc0e,Canada C,code,500,6,
02d7ccf0,FLAWTBL.DOC,data,1733,1,
02d9fb0a,PNTRTR,screen,6912,2,
02da0b2e,MUSIC,code,759,1,matched
02f01fd8,aercobbdos,code,4265,4,
02fbb2bf,waterfall,screen,6912,2,
02fbb5c0,popeye,code,49153,1,matched
030c0183,chaos,basic,7546,3,
0312fff8,MUSICO,loader,1008,1,
03175519,File 1,basic,1763,2,matched
031f8e8f,my8601,code,8247,8,
03205539,GIRL3,code,6144,1,
032ab8c4,px,code,1735,1,
03554e98,taswordl-o,code,10751,2,
035dade3,flying D,code,21200,3,
0367b96d,Textype,basic,16452,2,matched
037151d8,dc,screen,6912,4,
038ba592,HELP! HELP! HELP!,basic,3247,1,
039979d6,joyquaddrw,basic,523,3,
039bae15,Charsets4,basic,1526,3,
03addd5e,cd9,screen,6912,4,
03aea53f,CALL,data,512,1,
03af1054,aquasc,screen,6912,2,
03b71c01,command C,code,165,3,
03bd6a26,DIAL,loader,2474,4,
03cdefe1,RubicCube,loader,6561,3,matched
03d03b17,anim9,code,25,1,
03d32630,cat,code,281,1,
03d796e6,funy3-,code,8793,1,
03e28077,ani12+,code,8056,4,
03e4aeaf,draw,basic,3190,2,
03e6627d,ghw-3,code,3929,1,
03e76c20,SP forth c,code,3666,3,
03ed276b,brds&hrts,code,6144,2,
03f59767,mis11+,code,7720,1,
03f939ba,Dbx,code,5090,1,
0407f0b3,Saturn,basic,4993,4,
04082764,REDARW,loader,264,3,
040c7a7a,DEM30,code,4112,1,
041073d8,inc trac pos or switch sides,loader,4671,1,
041b2341,crasher,basic,3322,2,yes
042b9395,AUTOSTART,basic,5089,2,yes
0433283d,cass2a,code,13632,1,
0433f137,AERCO INT,code,800,2,
0440b6bd,DEM123,code,4137,1,
0450df00,No Source Drive.,loader,4664,2,
045fb07a,ToolKit,loader,4874,1,matched
04627be4,snugme,code,576,1,
04633f84,l10,UDG,256,2,
0468c968,J$T,str-array,245,4,
046b07eb,first,str-array,4278,1,
048059eb,sports,code,49153,1,
0481efc2,short1,code,49153,1,
048b8572,TypLC,code,134,1,
048c2c2a,uql/bk,code,4224,1,
049427b9,Type in the question or clue.,basic,11546,3,yes
049a650e,names,code,313,4,
04a2ff1c,q-bert C,code,7225,3,
04b5563b,Eliza c,screen,6912,6,yes
04b8c521,Mon Man,basic,10095,8,
04c9696e,PMS.S,code,1082,4,
04d234bb,Sqp5,str-array,11810,1,
04d41e5e,windosdemP,code,5282,3,
04e62ad2,7,str-array,4215,4,
04f0df34,LETTER,loader,677,2,
04fd220d,File Mover,basic,2874,3,
050054f1,DFM ABC,basic,6157,4,
0501ad07,<aerco2,code,60,2,
0503bb5d,ml6,code,6937,1,
051078e2,STRAT INFO,basic,7800,1,
0525ea26,Dictator,basic,14903,3,yes
052df916,steprt,loader,3490,2,
053ac745,D,data,2560,2,
054bd31f,harmer,code,2752,2,
0556a077,n8601,code,14751,8,
056d2e13,minibt,code,459,2,
057af192,xmas5-,code,7913,1,
057b6cf0,DEM34,code,4137,1,
058d9c46,File 1,code,25600,2,matched
058ee8f5,UDG gen,basic,1695,3,
058f2a57,DIAL,loader,2472,6,
05a8dd1e,O,screen,6912,1,
05a93c3c,ms-tas-oli,basic,924,8,
05aaa20c,BIGLETTRS,basic,662,3,
05b08b84,ferry,basic,2082,4,matched
05c363ce,ghw-1,code,3904,1,
05cdaf5e,MC-MOVE,basic,2721,3,matched
05e3afc6,ZX DRIVER,code,320,6,
05f5990c,clock,basic,1414,2,yes
05feb0bc,exit,code,1822,1,
060ea3d9,TS2068SCRN,screen,6912,8,
06199176,LabelMkr,basic,2348,3,yes
0621e7e8,AUTOSTART,code,5089,1,
0629ae50,DISKSPEED,basic,1858,4,
062f9945,misc9d,code,6354,1,
06488f9e,CLONE,state,49664,2,matched
06499a43,SpecInside,basic,17934,3,
0661b6fb,Sqp3,code,26,1,
0661e2b4,MTCON,UDG,256,2,yes
0668b3c2,VC2LP,loader,1314,5,
06855590,gradebook,basic,3639,4,matched
0693c938,INIT,loader,1035,3,
0695c266,histo3,code,5440,4,
069d9ef5,tss-12,code,3929,1,
06a3af13,L,screen,6912,1,
06a70fe3,GAMES,loader,12788,1,matched
06af7522,pdware,code,4224,1,
06b9ead3,tss-14,code,3840,1,
06d1e9f6,vhs titles,basic,895,3,
06d9c384,CBKLDR,loader,2303,2,
06df012f,donald,code,6144,2,
06df958c,fairlt,screen,6912,1,
06ecd833,VARS,basic,2235,3,
06f2375b,serial,code,449,2,
06f9eb24,ani11d,code,25,1,
06fb8c31,ghw-2,code,3904,1,
0702b3ac,GLOBE,loader,2747,2,
07032309,WORD IMAGE,basic,2672,3,
0716820d,DEM89,code,4137,1,
0716ab39,usw080,code,4224,2,
0728886b,DEM27,code,4096,2,
072f949f,axeofc,code,49153,1,
073044f9,axisbar,basic,1333,2,yes
0735e737,118403,code,12227,4,
073ad2cd,78's,basic,849,2,yes
0753ed8b,cd6,code,6937,1,
075a322c,DEM58,code,4112,2,
075d5392,BLOCK,basic,5711,3,
076803f6,kungfu,code,43046,1,
076ddd72,mscript C,basic,3030,4,
0770d204,track,code,2048,1,
07724509,sprt4,code,8537,2,
0775deb2,mscript C,code,9500,4,
0782077b,PmodO,str-array,165,1,
0782722a,DEM122,code,4112,2,
07878c9a,tapsav,basic,5940,2,
078d27f2,CopyCat,basic,533,3,matched
07946fbd,rocketman,code,8500,2,yes
079512a5,Spin T Bot,basic,2527,2,yes
079ffcb4,Sound Pro,basic,11943,4,matched
07a27679,COPY 3,code,4703,2,
07a31d0a,MusicBeep1,basic,9883,3,yes
07aa05ff,ADRS,loader,37872,2,
07aa5563,C,UDG,256,1,
07aefcb9,Space Shuttle,code,25600,1,matched
07b61e63,EXP,code,3200,2,yes
07b6d4fd,header-s,basic,1730,2,
07bee7b5,GRNDPR,loader,141,1,
07cf78a9,reccat,code,1395,2,
07da945b,the end,basic,11512,2,matched
07db582e,recbad,code,1792,2,
07ec9bf9,mterm:un,code,190,4,
07edc5a5,big,basic,2550,3,
07f2e304,RLEMST,loader,2877,1,
07fa3391,menudemo,basic,655,4,
07ff17b3,P,code,49153,1,
0800981a,BIORYTHms,basic,948,3,
081b92dd,10,str-array,7008,4,
081fb644,Auto Maintenance,loader,3292,1,
08264344,MENU1,basic,548,2,
083ac4f3,men6-,code,8464,6,
083c3228,print,loader,446,1,
0841b865,-stadium,code,2997,2,
08496872,DEM6,code,4096,2,
084f0646,l12,UDG,256,2,
0860271d,tom2,code,8193,1,
08666823,PmodE,str-array,245,6,
086b509b,rotate cha,basic,1337,2,yes
0871ad64,notes,code,1920,2,matched
08739308,uqlbk,code,4249,1,
087935b5,HELP3-LO/HI HZ2,basic,4614,4,
088071c5,COPYII,code,3736,6,
08855a2a,Pg61,code,4129,1,
08860e57,wordsq,code,6747,1,
0888b9b5,Blue Max,basic,1737,1,
08931e1a,file2,code,5092,1,
089828e5,ttt,loader,7092,1,
08a08bcc,DEM77,code,4096,4,
08a9c2a8,SHOW1,code,35000,1,
08b4d691,MOZART,basic,7295,3,matched
08c5814a,gauntl,screen,6912,1,
08c78e49,QS,code,808,1,
08c7f389,villag,code,32801,1,
08cd3c9e,mis18,code,8321,2,
08d4456c,hexspec,basic,800,4,matched
08e462eb,Ace 2088,loader,2457,1,
08e75457,mh8607,code,7271,8,
08e756fd,WORX,screen,6912,2,
09054693,DEM14,code,4096,2,
091448a6,tran4,code,25,2,
09159b66,Exrom,code,6000,1,
0926abd1,3weapo,str-array,198,2,
0937cd45,DEM20,code,4096,2,
093b8c5d,dsknam,code,786,2,
093fe4ab,chirp,basic,727,3,
0953a9e3,DEM67,code,4137,1,
09635b15,+elite,code,2958,2,
0977af86,PRO TECH,basic,7316,6,matched
0999d8ef,ztalker,state,49664,4,matched
09a118aa,ql-9,code,3929,1,
09a1d79d,BORDR5,code,217,1,
09a93f30,cd9,screen,6912,1,
09b23d32,FIRST 1.1,basic,733,2,
09b5112d,AUTOSTART,basic,5089,1,yes
09b51c68,HANGMAN,basic,6394,4,matched
09beb03a,MSCRIP,code,10000,4,
09c3a0bf,certificat,basic,2677,4,
09d09752,XMASGIFT,basic,5511,3,
09d708ba,DEM59,code,4112,1,
09dc575c,rename,code,1344,2,
09e3c8ba,SOLARS,basic,2848,1,
09eabd20,D-F-M nvm,basic,6727,6,
0a0f09ef,knight,code,49153,1,
0a186bf1,3D WORDS,basic,1207,2,yes
0a371833,Pg20,code,3233,1,
0a44bba0,Barbarian Practice,loader,2569,1,
0a52944c,<tasb2,code,60,2,
0a63af3d,2,code,3428,1,
0a6c4774,miche1,code,6144,1,
0a87506a,cv,screen,6912,1,
0a876b89,zip_txt,data,10752,1,
0a87dc06,dcode,code,35400,2,
0a9aed2c,2,str-array,4908,5,
0aa0a022,udg-demo,basic,2147,3,yes
0aad169d,MINUTEMAN,basic,709,3,yes
0abb8718,Demo's*2,basic,713,7,yes
0adf1dc3,AUTOSTART,code,5089,1,
0ae53988,BUDGET,loader,1586,1,
0aec6357,ART2,code,6937,1,
0afbbf6d,wideld,font,768,1,
0b009bbe,Init,code,1278,1,
0b0400e2,Goblins,basic,7720,2,
0b098c6b,HIHAT,screen,6912,1,
0b0f703d,File 9,code,25600,1,
0b1bbe98,HELP! HELP! HELP!,basic,3247,1,
0b24fc6d,MSCRIP,code,10025,1,
0b31ffe0,ADRS,loader,40675,2,
0b4a23e5,BIORYT,loader,4816,1,
0b59cc5c,gryfel,code,49153,1,
0b694847,Timegate,code,25600,1,
0b732571,inflation,code,2174,2,
0b81477e,art4,code,9140,2,
0b851d8c,npt,screen,6912,4,
0b899984,feng1,code,16000,1,
0ba4a96d,eeeeeeeee,code,25,2,
0ba550e4,SUB,basic,4835,2,yes
0bbc497f,PS/GE 1/2,loader,15002,2,
0bccedbb,m,code,6342,2,
0bd465b7,Cdesig,loader,18924,1,
0be62dcc,LABEL,code,12683,4,
0bed91b4,ted E,screen,6912,7,
0bf5ecba,DEM16,code,4112,1,
0bfc1606,B-58,basic,1814,3,yes
0c07fee4,copy4,code,276,1,
0c08db27,CRSTY4,code,6144,2,
0c141227,addresses,code,180,2,
0c1c3815,usw070,code,4224,1,
0c1d0e6c,ohio lotte,basic,2828,2,yes
0c242805,AG,screen,6912,1,
0c35bd97,3D-LETTERS,loader,2340,1,
0c3af6f1,BEDIT,code,6972,2,
0c3cbb0a,sort,basic,2031,5,
0c43acd3,UnZip30,exec,60760,1,
0c48fcbb,erase,code,1255,2,
0c5c5efe,118807,code,5317,4,
0c61b81d,nws119,code,4185,1,
0c7168c4,l2,UDG,256,2,
0c729dbb,8304,code,5495,2,
0c849173,Rifle*,basic,11760,1,matched
0c923532,SKIING,loader,263,2,
0c94d054,t4,str-array,518,1,
0c9e2f48,checkbook,basic,2750,2,yes
0ca74de2,nws3n3,code,3929,1,
0cbaf046,anim8,code,7489,1,
0cbd3f68,+mini,code,1842,2,
0cbe8bf4,PPMENU,screen,6912,2,
0cc5c8cc,ELIZA,code,1120,4,matched
0cde1e73,RPMPIP.DOC,data,10445,1,
0ce62f1b,cnsn2,code,4224,1,
0ce65ff2,COPY 4,code,4181,2,
0ce96aba,Stuco1,code,896,1,
0cf6b9e4,Sprite,basic,2696,2,matched
0cfb79ea,MSCRIPTV1,code,9050,1,
0cfba7ca,1SCR,screen,6912,1,
0cfbced5,VC2TAS,code,1394,1,
0d037d3b,ctas,code,12950,2,
0d0b93b1,boot,basic,111,4,
0d13491d,PhoneN,loader,34427,1,
0d19f353,tsh-3,code,3929,1,
0d1a44c5,MAHJNG,loader,39932,1,
0d1c6e42,IN+ED,loader,18220,2,
0d29de19,DEM42,code,4137,1,
0d4afd04,mainco,loader,17537,1,
0d4caaa2,RENUMBER,basic,2066,6,matched
0d4d938c,tasword se,state,49664,2,
0d608c70,filtrans,basic,579,2,
0d62d49e,THIEF,code,2740,2,
0d6f235b,calendrFSP,basic,1413,3,
0d700b5c,manager,basic,4486,3,yes
0d71881e,GRNTPK,screen,6912,1,
0d74acdd,MusicBox4,basic,31984,2,yes
0d7f276c,AUTOSTART,loader,3611,1,
0d8b3ba9,CCATS,screen,6912,1,
0d919ad1,COPYCAT,basic,4710,7,matched
0d984767,TAG,basic,871,3,
0d9a28bd,RENAME,code,5033,2,
0d9aef0a,CNVRT,loader,1038,1,
0d9f431f,inf-1,code,3929,1,
0d9f5f02,DEM49,code,4096,2,
0da63d44,!print,code,599,4,
0dad9c8f,bombj2,code,49153,1,
0db47612,Gnd Attack,basic,8574,2,yes
0db5bd5a,DEM7,code,4096,2,
0db6e37c,KENO,basic,3298,3,
0dc64eb9,DEM82,code,4096,4,
0dca0934,ARTS,code,4578,2,
0dd79c88,add2,str-array,998,4,
0dda684d,ESPANOLA,basic,19434,4,matched
0de595f5,REPOS,data,2048,1,
0df5a435,ELIZA,basic,8062,2,matched
0e018a60,muska.rle,code,6144,2,
0e01bdb9,minibt,code,665,1,
0e2e8cf8,karat+,code,49153,1,
0e32de32,bounty,code,49153,1,
0e38ee37,COPY I,loader,992,3,
0e3a8342,FONT 6,code,1300,1,
0e4026f1,QUAKE,basic,3666,3,
0e478984,letters,basic,5819,3,
0e4f62a3,dsknam,code,811,1,
0e531c91,LKEBCR,loader,11316,4,
0e5aef46,+pica,code,3522,2,
0e72ce4e,AUTOSTART,code,5062,1,
0e766fb9,3,str-array,4208,4,
0e94ce0f,ASTRO,loader,111,1,matched
0e9c8ee6,*history,code,4969,2,
0e9ec326,BANAL,code,6383,2,
0e9f1740,DEM43,code,4112,1,
0ea64703,$demo1,code,20577,2,
0eb4461c,WP,basic,2782,2,
0ebb5529,Vidtap,loader,1913,1,
0ebddef9,GRAFIC,code,13746,1,
0ed7c007,empire,code,49153,1,
0edbeec8,GREP,data,11648,1,
0edfcdaf,SPECTRALWR,state,49664,1,
0ef2a9af,Taswor,code,10751,11,
0f0262bc,MedExpert,basic,28195,2,yes
0f04cab2,CALNDR,code,13668,1,
0f096ee1,CHING,basic,5090,1,
0f0d812a,ch14-2,code,2368,1,
0f15ead9,SPIDER,loader,339,1,matched
0f21eff2,Block 52,unknown,13116,1,
0f2ebd12,consgn,code,4249,1,
0f380a14,BOBS,loader,13083,1,
0f3e47bd,ed1,screen,6912,2,
0f4c4139,prog 8,basic,441,2,
0f7a4674,CLENUP,code,2536,6,
0f7a470b,ADRS,loader,9225,1,
0f7fe04a,TASPRINT,basic,12816,2,
0f85724c,F,screen,6912,1,
0f9cebb7,readme,code,4121,1,
0fa97594,*veh4,code,4667,2,
0fa982ce,FRESHN,code,2292,6,
0faa9bb0,MD,loader,583,1,
0fac25b9,ZXpoke,code,3921,1,
0fae3b39,LARKEN ELECTRONICS,loader,596,1,
0fb26e58,COPTER,screen,6912,2,
0fbd3f60,WORDFIND,basic,12694,3,
0fbd4a99,CHESS,screen,6912,2,matched
0fc7525a,graphic,basic,837,2,matched
0fdc294a,J DEAN,screen,6912,1,
0fe079d8,AUTOSTART,loader,3772,1,
0fe9810b,TIMEMACHzx,state,49664,1,
0fecea9c,ed,code,3644,1,
0ff18602,mgt,screen,6912,4,
0ff6afaf,Ccode,code,19606,5,
0ff870fe,LAZER,basic,4144,2,yes
0ffc17c0,COLIST,code,10668,1,
1009a708,DEM42,code,4096,2,
1040d658,DERBY,loader,161,1,matched
10435df6,anthem,basic,3078,1,
1047a932,logoud,code,168,4,
1050c121,MUSICP,code,5159,1,
105e7d59,Cdbse,loader,3355,2,
106b384a,snugpd2,code,3840,1,
108b6afd,s0903,code,8846,8,
108c4a79,ART5,code,6937,1,
108e8328,WORD,loader,759,2,
10900da7,Spider,basic,1800,2,matched
10a5757a,MSCRIPTV1,loader,3666,1,
10a94124,028510,code,13954,4,
10af3727,CODE,code,10175,1,
10bf4848,RSTAT,data,6016,1,
10c623c1,Vu-3d,basic,259,4,matched
10d58829,nws2n4,code,4249,1,
10e09f80,CHKDSK,loader,2685,3,
10e79030,fill,basic,3163,3,
11014e66,rose.G,UDG,256,9,yes
110614cf,Sprite,basic,2606,3,matched
1115b048,ShtTermMem,basic,1623,2,yes
111a6f4f,EDITOR,basic,2245,3,
111eb712,bold,font,768,1,
1126acd8,88ma3pgs,code,11411,2,
1127a4ad,bflies,basic,2957,1,
112a582b,AUTOSTART,loader,3741,1,
11465349,messag,code,5504,1,
114aaba1,clone6,code,2195,2,
114b44a8,BIKE/STUNT,basic,7435,3,
11589696,ENARCH,data,8576,1,
115f0653,AUTOSTART,code,5089,1,
116622e6,artstu,screen,6912,1,
11670517,funy2,code,7633,2,
1168d803,tb,loader,1010,6,
117ff27e,ABBASHI,basic,9178,4,yes
1188d9c5,Breakup,basic,1437,3,
118a782b,algib2,font,768,1,
1199c435,Tape Utils,basic,2117,5,
11a00ecb,FILEKEEPER,code,6992,2,
11a29336,sprt2,code,8361,2,
11b0b0c4,B,screen,6912,1,
11c3fc62,MEMORY,loader,1398,1,matched
11c8e0de,$tl2col,code,14240,6,
11ca2324,flash,code,4249,1,matched
11cbd1db,AUTOSTART,code,5089,1,
11cf8ae2,KNIGHTS,basic,18054,2,
11cf8f2d,BORDR4,code,217,1,
11e37bc8,key1,code,15360,1,
11e4fbc8,118801,code,3699,4,
11e59fd6,AMAZNG,loader,317,1,
11e81707,mastbl,code,49153,1,
11f91256,mllist,code,6825,4,
11fcda88,BRIDGE,screen,6912,1,matched
11ff76c8,Maze Death Race,loader,2518,1,
120f2728,Pg70,str-array,1508,4,
12133b75,GAMES,loader,12788,1,matched
12141db1,AUTOSTART,code,5089,1,
121ac9c1,THEEND,basic,102,1,
1220856e,BS2TXT,loader,1581,2,
1232d044,LOSVEG,loader,32662,1,
1253baa6,laurie,code,20,2,matched
1255a236,DEM41,code,4112,1,
125b239d,pxlprn,screen,6912,2,
125e8493,maincm,loader,17538,1,
126c5415,BLUMAX,loader,148,1,
126fcc7b,DRIVE?,loader,3545,1,
12732968,CALNDR,basic,3463,1,
12738f81,WORD PRO,basic,7858,2,yes
12743ff4,banner3,basic,705,11,yes
12781af0,MOVE,code,4874,6,
1279f0e0,MSCRIP,basic,3258,4,
12883fe0,inc trac pos or switch sides,loader,4691,2,
1290f922,CHECKR,loader,371,1,
129a4717,8301,code,8507,2,
12a7dbb2,STC,loader,1047,2,
12aa7ece,TRACER c,code,257,3,
12aaf721,DEM55,code,4096,2,
12b07757,BORDR4,code,192,2,
12b4144d,SQUAW-T,basic,4414,2,
12b75466,BRIEF,basic,5445,2,
12bc1781,Hcode,code,788,1,
12cde0c3,ql-5*,code,3904,2,
12ce7172,deathmaze,basic,1629,3,
12ce8feb,cd10,screen,6912,4,
12d2aee9,font16,code,12225,1,
12def6cb,TMAPED,loader,3932,3,
12e964ee,CCATS,code,6937,1,
12f08a1f,TRKSID,code,4018,2,
12f7574f,PSTAT,basic,5006,1,
12f9c05f,Night Race,basic,3750,3,yes
13038cf1,cclear,code,33367,4,
131c8c2e,Thinchars,basic,1853,2,
13204107,Balloons,basic,5028,1,
13219310,Btls,basic,14780,2,yes
1328d96e,Submarine,basic,5755,4,matched
133532f2,mc0191,code,8473,1,
133677a3,readme,code,4224,1,
1337f296,letter,basic,6330,2,
133c88f0,piggy,state,49664,3,
1344f32a,flip,basic,2082,4,
1362d21d,zendos,screen,6912,1,
136c1f8c,bill,code,13906,4,
136e6cf7,Hcode,code,2000,2,
13927f01,ps,code,3644,1,
13972adc,usw030,code,4224,1,
13995cd4,Over Exper,basic,254,2,yes
139bc85f,tom2,code,49153,1,
13ab5572,arcSCRATCH,basic,7430,5,yes
13bfdc8e,ordfrm,code,4224,1,
13d693cf,BRIEF,basic,10047,1,
13d81a3b,gypsy,code,13561,1,
13f1b6b0,talker,code,6000,1,
14017013,118803,code,3035,4,
14092b01,play,basic,4421,4,
140e0f41,24psd,basic,1990,2,
14143d84,ICONS,code,6895,3,yes
14166442,RECBAD,code,5436,2,
141fd025,PP-ICON-L,basic,1674,4,
142e51b6,OligerSAVE /0,basic,4985,14,yes
14382146,TSWORX,code,4599,3,
1445ddda,TANKDUEL,state,49664,1,
144e112e,nws2n2,code,4224,1,
144ea9ca,jumpin,code,49153,1,
14532f0f,FIXIT,code,13000,1,
1456fb2c,FORMULARY,basic,6154,3,matched
145bdeda,AC,screen,6912,1,
1461e8e6,c5,font,768,1,
14638384,AUTOSTART,code,5089,1,
1464c280,usw010,code,4249,1,
146890b3,DAYBRN,loader,1468,1,
14696459,cyberz,code,6364,1,
14717587,GPTPDP,basic,2580,3,yes
1477ff85,DEM62,code,4112,1,
14846b88,misc7-,code,8577,2,
1486ce5b,THE WORXs,loader,4005,1,
148c7390,tmaped,code,985,1,
1495feb1,DECISION,state,49664,2,
149bb131,MUSD02,code,49153,2,
14b55c0f,excell,code,40000,1,
14bb369b,nws3n5,code,4224,1,
14c2686a,USERS FILE,basic,8531,1,
14cbcf26,usa,screen,6912,1,
14cf0789,PONG,basic,2884,2,yes
14d96c79,chrlib,code,452,1,
14e62d2e,Reader 1,basic,273,2,yes
14f0b5bb,LPLN1,code,234,2,
14f0e902,Macadam Bumper,code,25600,1,
1505a3c5,casino,code,8501,1,matched
15137b13,TRKSID,code,3993,6,
151871be,Sql8,code,2431,1,
151dadf5,Z8E.DQC,data,43648,1,
152666cf,tychk,basic,639,1,matched
1528b460,T/SNUG,loader,9220,1,
152b7eac,Pg22,code,3489,1,
15428732,cirfil,basic,354,3,
15430720,DEM42,code,4112,2,
15472053,nonono,code,7498,2,
1553a3ec,skiing,screen,6912,2,
15698c20,MOUSE I/F,code,2284,2,
1569f101,fomat,loader,1959,5,
15728a57,DEMO,code,5533,1,
1575757c,ja8703,code,10512,8,
1580f5d8,SNICKERS,basic,9608,2,yes
1583a79c,TWII.BT,loader,1692,1,
158526ea,nws2n4,code,4224,1,
158d81ed,DEM2,code,4096,2,
1599eb1f,taswordo-l,basic,5870,2,
15c16b3c,Turtle 1,basic,544,2,
15c20fb7,SURVIVE,basic,1897,3,matched
15c4047d,funy5,code,25,1,
15c6ae70,recovt,code,1664,2,
15d26d9c,ASTRON,basic,41782,1,
15d41845,ordfrm,code,4249,1,
15db6d9a,larkenmanu,code,1268,2,
15dfcb6f,bombja,code,49153,1,
15e2e88a,men6-,code,8489,2,
15e4cba7,DEM39,code,4096,2,
15f1bd60,PROGRAM T,basic,24570,3,
1602ffa7,ql-5,code,3929,1,
1616c359,ADAPT_Z,num-array,5505,4,
161ed2b0,B-SHIPS,basic,5556,2,yes
162b20f1,DROPPAGES,basic,1595,3,matched
162c3c35,File 14,code,24064,1,
164a5b39,bytepower,state,49664,2,
164d7d00,fm,screen,6912,1,
166673dc,mscript503,code,10000,4,
1673fb81,FONT 8,code,1284,1,
16830d2b,PIANO,basic,4568,3,yes
168b1be1,cnsn1,code,4224,1,
1695d3c6,minuet,loader,4968,1,
16a2d54f,CVRDBR,code,6144,1,
16a2d7d6,flash!,code,4224,1,matched
16a387e7,BANNER,basic,2283,2,matched
16aa369c,INDEX,loader,1823,3,matched
16b79bef,spellb,code,43046,1,
16bcaddd,P-PCH,code,36616,1,
16c1ba37,sample,code,24064,1,
16dcb1bb,reccat,code,1625,1,
16dd4bdd,ghw-2,code,3929,1,
16e82870,D-F-M nvm,basic,6715,1,
16e9d597,cnsn3,code,4224,1,
16ee1f84,vstors,code,3904,2,
16ef7fb3,MINOTR,screen,6912,1,
16f96670,HR,screen,6912,1,
1707ddb7,Language Usage II,basic,5017,1,
170cdd87,STAR,basic,1142,2,yes
17227428,QUIZ,code,3836,2,
17269d7a,cd7,screen,6912,4,
17276dbc,MAP,loader,18271,1,
172f4fc4,GIRL1,code,6144,3,
17384f24,Pg4,str-array,2870,4,
1745b5e4,QUIZMSTR,basic,7230,1,
175a38ae,ordfm,code,4224,4,
175ab085,mh8605,code,10899,8,
175b1475,PARTII,code,28800,1,
176192f2,jl8601,code,9975,2,
177290ca,vgh2,code,20891,4,
177bd2b0,Alt Char S,basic,1193,2,yes
17855b98,ANDROID NI,basic,4884,5,yes
178a3db1,POETRY,basic,2670,3,yes
178c4b0b,M.Code Tutor 10-17,basic,5084,1,
17b2e585,empire,code,60,1,
17b6b68d,mike08,code,4249,1,
17b75ba8,DEM31,code,4112,1,
17cc3315,qlbook,code,4249,1,
17d003b5,nwsp3,code,3767,1,
17d4bb05,PixelprntC,code,395,3,
17d9a634,moonland C,code,2768,3,
17de742f,tss-2,code,3840,1,
17e1f44e,rockma,code,49153,1,
17e78e90,*work,code,4695,2,
17e80505,DEF FN OR * DEF FN,basic,49664,4,
17ed5b3a,cnsn2,code,4249,1,
17ee9ad5,HEXLOADER,basic,4206,3,matched
17fd74fa,uhw050,code,4249,1,
17ff0d88,cd10,screen,6912,4,
1806d164,accounting,code,4716,4,
1808a041,PONTOON,basic,7937,1,matched
180ac05f,CHARAC,loader,953,1,
180dfe32,text1,basic,8735,3,yes
1814783c,t2,code,5283,1,
181867fa,cnsn1,code,4224,1,
181d2b32,gulpmn,code,5989,1,
182a1c0c,TRACE,code,700,1,matched
18339e95,ngtgnr,screen,6912,2,
183578ac,knight,code,49153,2,
1848e147,MONROE,code,7027,1,
18530ee4,OVER1,loader,707,1,
185a4631,page4,code,7680,1,
18669deb,DEM35,code,4096,2,
186a4d67,AUTOSTART,loader,3824,1,
186e2f0e,THE WORX,basic,2313,1,
1874621e,pxlprn,code,11800,1,
187e17d8,uhw040,code,4249,1,
188422fe,MTERM,basic,3447,1,matched
188641c2,DEM4,code,4096,2,
188bd282,COMPLEX,basic,366,3,matched
188ee07f,BASICpiano,basic,4881,3,
18a47eae,Charts,loader,1891,3,
18a4ea30,help86,code,1728,1,
18b740de,DP,code,240,9,
18c59ec5,DEM21,code,4096,2,
18d23ee7,tranza,code,49153,1,
18d5b6ae,AUTOSTART,loader,3619,7,
18db9806,ttt,basic,12228,1,
18ea297e,move,code,1920,2,
18f2a84e,TRKSID,code,4018,2,
19098c41,reader,basic,6580,2,
19112d42,Head Over Heels,loader,2492,1,
19179382,SHOW$,loader,1110,1,
191e7132,anim5-,code,7873,1,
192bcc5f,jan84,code,8832,2,
1931598c,me 1st,code,4249,1,
193732bc,HELP,basic,3025,3,yes
19386041,BAR GRAPH,basic,1205,3,yes
193b9974,menu,state,49664,2,
1946d7bf,QUIZMASTER,basic,2888,3,matched
19664a79,TINDEX,basic,5090,1,
19783e50,SORT,code,3280,6,
198d48ae,LIFE TABLE,basic,2670,3,yes
19919346,DEM38,code,4096,2,
19a750c9,DISKS,loader,12809,1,
19a93802,planet,screen,6912,2,
19abf113,Magic Squa,basic,2018,3,
19acb62b,WINDOSdemo,basic,6938,3,
19aed1e1,READERROR,basic,1845,2,
19aed90f,COPY 3,loader,4678,3,
19af6c6e,$C2TAS,loader,657,7,
19b20ddd,greeting d,code,7088,3,
19bb4cb7,paint,basic,463,5,
19bff1f7,AUTOSTART,loader,3619,2,
19caabef,Checkered Flag,code,25600,1,
19d50ff1,DFONT,loader,1284,1,
19d6bcef,CARD,loader,755,2,
19d7f194,GYP10X,code,22061,1,
19e03ac3,Tape Tutor,loader,12031,1,
19e0d071,ghw-4,code,3929,1,
19e633f7,rename,code,1193,2,
19e6cc35,LDTRACK_2,code,200,1,
19eaf92f,WATRFL,screen,6912,1,
19ed8928,078906,code,3376,4,
19f02da0,Renum??,basic,1193,3,matched
19f80d15,FCLEAN,code,2928,2,
19f83edc,multi tape,basic,28669,2,matched
1a1057dd,GREETING,basic,4257,3,matched
1a1b7341,vu-3d,screen,6912,8,matched
1a1e6323,CHORDIZE,basic,9447,3,matched
1a1eb1fe,taspak,code,442,4,
1a253edf,budget,code,25923,2,
1a25fff9,planet,code,7140,2,
1a410c37,MEMMAP,data,896,1,
1a463e3d,tss-10,code,3648,1,
1a4f09f3,printarray,code,4013,2,
1a501194,comp1-,code,7889,1,
1a558a87,fastf,code,599,1,
1a6416ef,Goblet,basic,1506,3,yes
1a64719d,complex C,code,900,3,
1a69c17d,VCALC,code,14167,1,
1a6ed009,AUTOSTART,loader,3646,1,
1a719eda,inc trac pos or switch sides,loader,4341,2,
1a83330a,Cdbse,code,9282,1,
1ab528c5,RECCAT,loader,1158,4,
1aba58c7,VARS LIST,basic,418,3,
1ac929c0,names1,code,1620,2,
1aca26bc,face1,code,9105,2,
1ae865c8,shrink,basic,5781,3,matched
1b0b6377,starma,loader,9518,1,
1b198e9b,VU-3D,basic,2431,1,matched
1b1a6aaa,UPSIDO,loader,939,1,
1b1bab42,macro1,code,1822,1,
1b3c697d,s9002C,code,15031,8,
1b4d144b,DFONT,loader,457,2,
1b4df094,DEM76,code,4096,2,
1b50a01a,copy3,code,857,1,
1b57e710,CML,code,25,2,
1b5b709b,MS-TAS,loader,3035,8,
1b64d0c8,fastdial,basic,255,2,yes
1b6c948a,match,basic,1678,2,
1b7fe341,MOVE,loader,1159,6,
1b80b751,taswi,code,3915,39,
1b888245,T/SNUG,loader,14808,2,
1b88dcf9,GULPMAN C,code,5989,3,
1b9cb446,renblkmov,basic,422,2,
1b9cb60c,olympicSCR,screen,6912,4,
1ba269f9,Fdzx sados,code,12090,2,
1ba43284,DEM11,code,4112,2,
1ba67912,DEM59,code,4112,2,
1bb623e1,DEM73,code,4137,1,
1bbe939e,calclock,basic,3286,4,
1bcbab62,multid,code,16386,1,
1bcf4999,TRIV PURS,screen,6912,1,
1bd1165c,READ&SPELL,basic,763,1,matched
1bd264a8,BORDR2,code,217,1,
1bdf377e,contnt,code,2324,1,
1be34b79,BUSTER,basic,6497,6,matched
1be64be2,The Fall Guy,basic,1429,1,
1bea6d9b,fish,code,168,1,
1bf875b3,PIX FIX,loader,8005,3,matched
1c02131a,pp 2.0 mcD,code,2510,4,
1c036cc8,numcoladj,basic,1000,3,yes
1c0aa3f6,Breakup,basic,1526,4,
1c17ff2f,DEM80,code,4112,2,
1c208420,nws3n1,code,4224,1,
1c25b515,SELECT BY NUMBER,loader,938,4,
1c32388c,DUBer,basic,880,3,
1c369ec7,CH$SET,loader,1713,1,
1c40e664,ART4,screen,6912,3,
1c47b988,vcT,code,8281,1,
1c487058,tsh-3,code,3904,1,
1c4cc41e,ICON-L,code,3884,11,yes
1c5c05f9,readme,screen,6912,3,
1c5d42c6,larkenline,code,5214,2,
1c683db4,Messiah,basic,2941,3,matched
1c751688,end,code,1408,2,
1c7bdfd9,CARD,code,14436,4,
1c89e0f5,trksid,code,1341,1,
1c975065,PP 3.1,basic,1091,1,
1c9ae9ed,FONT PKG,basic,1269,1,
1c9f39c9,uqlbk,code,4249,2,
1cb3d37e,face5,code,7985,2,
1ccf6c81,AUTOSTART,basic,5089,2,yes
1cda44a5,uhw020,code,4249,1,
1cdf6c49,DEM60,code,4112,1,
1ce1afbc,cassverify,basic,360,2,
1ce4e2bf,gotos,code,6937,1,
1ceaa21f,TURIST,code,13581,1,
1cf5c5b3,Topless,code,6144,2,
1cff4496,TOMAHA,loader,425,4,
1d107f67,Star Fleet,basic,26219,1,
1d1455dd,DEC TO BIN,basic,237,3,yes
1d3279c6,dejavu,screen,6912,1,
1d5c5061,SANTA DIL,basic,6215,1,
1d5e465c,NTN1,code,1768,1,
1d6da053,ICHING,basic,37292,4,
1d72c009,098401,code,9846,4,
1d74ab50,m2,code,17920,1,
1d7b4ea6,COPY 4,code,4181,2,
1d7b86fd,AUTOSTART,code,5089,1,
1d7e0679,GETPUT,loader,4646,4,
1d82a733,ql-7,code,3929,1,
1d871907,ICONS3,code,7151,2,
1d87b576,DEM38,code,4137,1,
1d9b58b7,O1,loader,5090,1,
1da249ec,MSCODE,code,496,2,
1da3f10c,worx,loader,2670,3,
1dad5821,studio_mc1,code,30672,2,
1db27d21,*film,code,4935,2,
1db2b4d9,FEAST,basic,13299,2,
1db3c726,TURBOload,loader,1427,3,
1db40fb7,HOT Z1,loader,313,2,
1dc52c06,mastehead1,code,24064,6,
1dd99a70,1deplo,str-array,648,1,
1de87682,copy12,loader,4479,1,
1debbe7b,DEM57,code,4112,2,
1df448b7,HIGH,code,30693,2,
1df6873e,note,code,3225,1,
1df8cc70,AM,screen,6912,1,
1df9f348,MODEM7.DOC,data,11155,1,
1dfe13ca,pc0990,code,4224,2,
1e0eab3b,cassverify,code,380,1,
1e11f834,DEM44,code,4112,1,
1e1f713b,AUTOSTART,loader,3588,1,
1e21dce2,MULTIPLY,basic,868,3,yes
1e3969c4,AUTOSTART,basic,5089,1,yes
1e43f8b9,help1,code,14336,2,
1e46cf9d,oldcar,code,3328,1,
1e491420,Mission,basic,9868,4,
1e497cb7,typist,basic,2167,3,matched
1e4c14ab,casscopy,basic,649,2,
1e4e5a08,clone2,code,3143,6,
1e4eb523,n8602,code,7330,8,
1e617445,TRANSLATOR,code,5872,2,
1e685912,mterm2,code,9216,4,
1e69a698,DEM39,code,4112,1,
1e7526f2,uql/bk,code,4224,1,
1e8a29f3,CALNDR,basic,13643,1,
1e8a4496,adeDP,num-array,5508,3,
1e95eb6e,basebl,UDG,256,1,
1e994d74,Animal C,code,1401,5,yes
1eb024cb,Be with you as soon as,basic,2577,1,
1eb1e442,O2,str-array,586,4,
1eb53d83,me 1st,code,4313,1,
1ec20b85,minibt,code,484,1,
1ec7bce0,mis12,code,8529,1,
1ecb02b1,funy2,code,7633,1,
1ecc4d1a,Language Usage  I,code,25600,1,
1eccc98a,j$DATA,loader,10596,4,
1ecf03d8,MINOTR,basic,16961,1,
1ed1e0da,Init,basic,1253,8,
1ed3483a,hday4,code,8633,1,
1ed4ec59,knighttour,basic,18053,2,matched
1eef5404,prrltr,code,11520,1,
1ef3b6a7,usw010,code,3840,1,
1ef67492,AUTOSTART,loader,3637,2,
1ef763bd,+fatface,code,5172,2,
1ef8b861,The End,state,49664,2,matched
1f027fa6,COPY I,loader,4712,3,
1f0becad,PHONE WORD,basic,2512,3,
1f1e1be2,anim3,code,8617,2,
1f2e61e1,Select Drive/sides,loader,4465,1,
1f3dd138,DEM67,code,4096,2,
1f40618e,PEN1,loader,6286,2,
1f43dbac,anim4-,code,9024,5,
1f470132,REMIZE,basic,654,2,yes
1f4a2f37,pie chart,basic,1165,7,matched
1f4e2913,bships,basic,5556,1,
1f50f701,anim5-,code,7848,5,
1f544d0a,Sat-Bahn,basic,19526,3,
1f606bad,AUTOSTART,basic,5062,2,yes
1f61f750,timemcbug,code,1104,2,
1f685874,mterm,code,5090,1,matched
1f74f757,ANIMALS,code,3586,2,
1f7bb8cd,cd3,screen,6912,1,
1f82993a,TURBO,code,2066,1,
1f87bc55,ESCHER,basic,1882,3,yes
1f956ed5,SPAN.TUTOR,basic,14733,3,
1f9c7340,Hcode,code,2000,11,
1f9f469d,math,basic,10626,3,
1fab12d6,MULTiply,basic,4998,3,yes
1fb1d36c,raider,code,8050,1,
1fb41983,STARTR,loader,19157,1,
1fb48750,copy12,loader,4425,1,
1fc4d2f7,DEM31,code,4096,2,
1fc7c5eb,DEM34,code,4112,2,
1fe68a34,SHTLTP,screen,6912,2,
1ff12483,search C,code,143,3,
1ff268fe,MD REPAIR,basic,4600,3,yes
1ff2e5c0,SAFELOCK,basic,1951,2,yes
1ff7ec1b,flash,code,4249,1,matched
2009962c,thanku,code,1561,1,
20133153,Memory Monitor,basic,4083,1,
20244b5c,socquz,code,49153,1,
20288ba8,Blind Alley,basic,84,1,matched
202fc94e,taswordo-l,basic,5870,2,
2035cce4,BORDR3,basic,329,2,
203a9926,shipof,code,49153,1,
203ae19d,AUTOSTART,loader,3761,3,
204694ce,SCROGE,screen,6912,2,
204b0e2f,readme,code,4249,1,
20590ff9,CHR$ ANAL,basic,955,3,
205abd79,BEND ALLOW,basic,1964,3,
2061ac4c,MEMOHELP V34K**,basic,8506,4,
2061f5b4,sheep dog,basic,7862,2,yes
2067e5a8,FONTS,loader,762,1,
206e01e1,EB,basic,11663,4,
208d866c,calendrFSP,basic,1531,4,
208db847,FIRE,basic,2211,2,yes
2092a2c4,Color LIST,basic,13095,1,
20a23979,uql/bk,code,4224,1,
20a8bd40,JUMPER,basic,1641,4,matched
20ab9c19,DRIVER,basic,1516,3,yes
20ba9683,SPECTRUM,str-array,672,1,
20bbcf15,help,code,6976,1,
20c3c8f1,20,str-array,4908,4,
20cd0d88,TASWOR,code,16644,1,
20ce307c,DEM28,code,4112,2,
20cf7e6c,seek,loader,4601,2,
20d84308,ql-2,code,3865,1,
20f1cbaa,WINDOW,loader,503,1,matched
20f416d7,Canada,basic,10240,2,
2104c39c,tashlp,code,8448,2,
210c45f4,DEM24,code,4096,2,
21124071,VCPRINTlst,loader,3577,2,
211dd282,MUSD03,code,49153,2,
2122b832,cleft.G,UDG,256,5,yes
212ed3d7,DEM62,code,4137,1,
212f4e16,DEM54,code,4137,1,
2134cb77,MaxCom,loader,19424,1,
2135c4fb,ade2a,code,5533,1,
21395fba,Comand,code,832,3,
21398545,rambo2,code,49153,1,
213d9a3f,boot,code,1115,2,
214d283a,LDTRACK,basic,2039,2,
2159ff33,copy12,loader,5007,2,
216c5a87,Egg,basic,4263,4,
2171f8a6,LEM,screen,6912,1,
217f26aa,CVRDBR,screen,6912,1,
21800f10,mefrst,code,4249,1,
218d2797,+scrawl,code,2757,2,
2197c574,cd2,screen,6912,1,
21a34c32,Bouncer,basic,3551,3,
21adfe48,msc55,code,3315,1,
21b08ce9,AUTOSTART,basic,5089,4,yes
21b5ab1b,DEM86,code,4137,1,
21c2a878,3chars,str-array,4488,2,
21df9654,Calende,basic,3300,3,
21e60afe,CASH pt2,loader,5041,3,
21f054ef,l4,UDG,256,2,
220dff74,DEM23,code,4137,1,
2223b4bb,PRESS,loader,888,2,
222ddb8f,PHONEDIR,basic,1474,3,
2233cb3c,firstloadr,basic,1382,4,
224ae00a,ROCKETS,basic,755,3,matched
22666e82,ADRESLABLE,basic,622,5,yes
226c5712,ade1,num-array,5508,6,
226f0f36,qed,screen,6912,1,
2271dd03,vf,code,7216,5,
22784a67,DEM70,code,4096,2,
22856ddb,RECCAT,code,3898,6,
2288ef81,MSCRIP,basic,3222,8,
228a4736,Zaxxon,loader,2968,1,
22901739,DEM59,code,4096,2,
2292a716,HELLO,basic,2735,3,matched
2292b659,CRYPTO,basic,1962,4,matched
2293dcea,RSTAT.DOC,data,85,1,
22949225,m2,code,1822,1,
2297af75,tran1-,code,8232,2,
22a029e1,ql-1,code,3481,1,
22a22a01,histor,code,3647,4,
22abbf7e,PLANE,basic,6968,3,yes
22cc1b84,ot,screen,6912,4,
22d27293,usrpgm,basic,747,1,
22d83870,SAM FOX,state,49664,2,
22d8f76c,m4,code,12928,1,
22da0954,copy12,loader,4549,2,
22e13d74,SET,code,4235,4,
22f7b8f0,MaxCom,loader,19072,2,
2300c411,DEM10,code,4112,1,
230cc47c,DUMP,data,256,1,
2319fa38,Memory,state,49664,2,matched
231e09fb,File 2,basic,5001,2,
231e197e,blackjack,basic,4280,2,yes
2327cbec,skull.G,UDG,256,4,yes
232a26e8,FILE1,basic,7358,4,
232bc7d6,$tldemo1,code,10704,2,
23347999,chess,code,10977,1,matched
234e59df,fadeaway,basic,1827,3,
2363b1ae,var,code,722,1,
2371a17d,007lvd,code,49153,1,
23727511,sinewave,basic,282,2,matched
237927c1,Ccode,code,19606,2,
2388f7e8,AUTOSTART,code,5089,1,
23900871,forwar,code,2455,1,
23914fec,mscript5.5,code,3274,1,
23ad1ae9,Sql9,code,8475,1,
23c1b85b,sabotr,code,49153,1,
23c56660,ghw-1,code,3929,1,
23cc5bea,QRLMST,loader,2648,1,
23e02d58,CoCo,code,273,3,
23e1d587,assass,code,43046,1,
23eaa964,DEM74,code,4112,2,
2404b2bf,LOCK,loader,1991,1,
24053080,MULTIFILE,basic,6453,3,yes
24087247,ANDROID NI,basic,4945,4,
2411af0e,GRNTP2,screen,6912,1,
242e388d,DEM45,code,4096,2,
242f46d4,5,str-array,4908,4,
2432cf79,COPYII,loader,784,2,
24383c03,thundr,screen,6912,1,
24386d1a,DEM90,code,4112,2,
243d3fd0,AUTOSTART,code,5089,1,
2443d70e,spritedemP,screen,6912,3,
2446e5fd,mis30,code,8305,1,
2447f47a,<a&j2,code,60,2,
2450ea08,clone5,code,2550,2,
2454599d,ZASSEM,data,8704,1,
2457266e,GSHIP1,code,6144,1,
2464c109,PmodO,str-array,165,2,
246d47f7,histo2,code,6556,4,
24717601,men5,code,8985,1,
247ca66a,copy2,code,1318,1,
248b9905,Reader 2,basic,783,2,yes
249fe9ea,zxccode,code,2688,2,
24ada35b,MSDOS,loader,5021,2,
24b746e4,RACER,basic,7167,3,matched
24cd3674,cnsn2,code,4224,1,
24d2928e,"Effects, 2",basic,4425,3,yes
24db2844,TIPS_C,screen,6912,7,
24e193eb,INSTRUCT'S,state,49664,2,
24e3bd3d,README.BW Primary Adaptor.,loader,8117,1,
24e76149,038901,code,6361,4,
24ec029f,AO,screen,6912,1,
24ed0ef8,flash,code,4249,1,matched
24f040ab,PARTII,code,21888,1,
24f42fcd,MRCRY7,screen,6912,1,
24f6287b,HI PASCAL,state,49664,1,
24f920ef,InstantUDG,basic,354,2,
250092bf,clock,screen,6912,1,matched
250448d7,l20,UDG,256,2,
250f3d9c,BIORYTHMS,basic,2119,3,
25169227,canada,basic,8403,1,
25192d4d,sheep dog,basic,7688,3,
251aa895,s8507,code,9847,4,
25258f17,Timer 1,basic,3474,3,yes
25379ff4,FILE#1,str-array,30008,1,matched
2537c17a,Msl1,code,8475,1,
2555bb55,3dcharsetC,code,1300,3,
2557aae5,MORSE,basic,1606,3,matched
255abaf1,cclear,code,20360,1,
25600e23,CIS-UP,code,149,2,
256c4598,Sqlp4,code,2377,1,
256e33bd,boblet,code,3072,4,
25718ad7,HexLoader,basic,660,3,yes
2588c184,wmen1,code,8153,2,
258d0b6e,PIXELM,loader,2216,1,
258e96e7,Sub Game,state,49664,1,
2595a9ed,ade3,num-array,5508,6,
2595fcf7,paranoid,basic,8501,2,matched
25ac36ab,LABEL,loader,784,2,
25af2a4b,11,code,6333,1,
25b0629b,misc6-,code,8385,2,
25b59277,casscopy,basic,629,2,
25b8ac99,ace208,code,49153,1,
25c8a111,Pg10,str-array,2808,5,
25cbf111,MORSE,basic,4403,2,matched
25d1b3c9,hrmoon,code,49153,1,
25d9d5ae,DEM45,code,4137,1,
25e53768,DEC-HEX,basic,683,2,
25e6400d,engli1,code,1024,1,
25eeacf2,038504,code,3466,4,
25f31e9f,lists,basic,31058,4,matched
2600fbc8,repp,loader,1670,3,
2609ada8,TRKSID,loader,1144,2,
260c854b,inc trac pos or switch sides,loader,4691,2,
260fbc98,readme,code,4224,1,
26166df1,TITANI,code,6144,1,
2619256c,Morse Code Tutor,code,25600,1,
262825f1,bedit,code,1984,2,
263b0042,Uptr,loader,7559,4,
263ee32c,Scode,code,19606,2,
264adb1c,831001,code,9057,2,
264c8d91,BEATLS,code,6144,1,
2651663e,Timegate Instructions,basic,616,1,
2654998b,catug6,code,20337,1,
2656d251,twtmld,code,49153,1,
265ae7d3,PANGOLINS,basic,8358,2,yes
265e17ba,ARTLOG,screen,6912,1,
2662a0e1,RECCAT,code,3923,2,
26679f56,HANGMN,loader,317,1,
26782ce3,AUTOSTART,loader,3824,1,
267d5520,MISSIL,loader,30517,1,
267fdb13,grdprx,font,768,1,
268ea4b7,uqlbk,code,4121,1,
2694e77a,ade1,code,5533,1,
26a48e3b,DEM53,code,4096,2,
26bc99f2,File Mover,basic,3012,4,
26cd7c06,pp 2.0 mcC,code,7350,4,
26cf0a31,contnt,code,2432,2,
26d8d3d1,mozart,screen,6912,1,matched
26de1bfb,DEM63,code,4112,2,
26f5270a,DEM83,code,4112,2,
26fd6539,nws2n8,code,4224,2,
270627c9,MAP,screen,6912,1,
270f9050,NIGHTGUNNR,state,49664,1,
271169f8,misc6-,code,8385,1,
27138341,cnsn1,code,4249,1,
2716e421,HANG-MAN,state,49664,2,matched
2719fc79,l15,UDG,256,2,
2720e377,consgn,code,4249,1,
2725fd4f,TW2000,loader,9864,2,
2727541a,SHOW$,loader,1112,1,
27352e68,EPSON COPY,basic,2746,7,yes
273575cf,078301,code,13698,4,
273ead19,fclean,code,1024,2,
2743bfc2,mini-icons,code,27887,5,
27458be5,nws2n5,code,4249,1,
27727df9,BEDIT,loader,989,3,
277f9c7b,Bcode,code,8000,7,
2788d45f,olicopy,code,515,1,
278a25f2,QUICK SCRN,code,13760,2,
27a3a201,AUTOSTART,basic,8262,1,yes
27ae7821,larkcopy,basic,641,2,
27bed652,graphics,basic,1382,3,yes
27c7c3ab,cnsn1,code,4249,1,
27cfa955,Block 10,unknown,26227,1,
27d42fcc,steprt,loader,3499,12,
27dea001,OFFICE,code,3142,2,
27e04aad,wmen2+,code,7416,6,
27e37ace,aqarum,screen,6912,1,
27e3fd0a,anim7-,code,8248,7,
2801824f,snaker,basic,4050,3,
2802a233,Minotaur,basic,6935,3,matched
2805c067,Sqp1,str-array,8883,4,
28067e82,reader,basic,1023,3,
2809c609,sunshine.G,UDG,256,5,yes
281739eb,UNIFILEII,basic,6289,3,
2828a0d0,COMPLEX/No,basic,4530,3,
28293a57,2,str-array,4033,1,
2866738c,2deplo,str-array,648,1,
286a3a90,Saturn,basic,4455,3,
286be675,LOCK,loader,2044,1,
2873fb02,AUTOSTART,code,5089,1,
28769e4e,note,code,3200,1,
2880ac5d,spider,basic,1592,3,matched
2888bede,slapfi,code,49153,1,
2898c94a,end,code,912,1,
28a0aaa1,rename,code,1369,1,
28a8ed3d,ordfm,code,4160,1,
28a9a3ad,builder,basic,1691,3,
28adef2f,cruz,code,6338,1,
28b40736,CLENUP,code,2561,2,
28b64562,SCUBA,code,18300,2,
28baf758,GRAFIXX,basic,6129,3,
28c34967,Pro Loader,basic,869,3,
28caa2d0,DEM20,code,4112,2,
28d734fb,TRIVIA,code,49153,1,
28d813e5,PC-Draw sa,screen,6912,4,
28e5341f,DISKS,code,15133,1,
28f0e86d,DEM48,code,4096,2,
28f14bbb,DISKS,loader,12809,1,
28febfc4,058902,code,4444,4,
29023143,garland,loader,1386,4,
2926bf8c,Auto Maintenance,loader,2524,1,
2938ecef,MYSMANOR,basic,11960,4,
2939c207,nws2n9,code,4249,1,
294582b0,Ambush,basic,7969,2,yes
2952c99b,xmas5-,code,7888,4,
2959ba89,QRL,loader,2911,1,
29638fa3,ART4,screen,6912,2,
2965bc05,Golf,basic,6948,3,yes
29662c2b,TASWOR,loader,5805,2,
296e900e,11,str-array,6308,4,
29707679,Varslist,basic,485,2,matched
2975c15a,mis32+,code,8024,6,
2997aea1,AI,screen,6912,1,
2997bc3c,SORT,code,4554,2,
29b4dff1,DIAL,loader,3407,2,
29b643b4,men3d,code,11404,6,
29c7a315,1movep,str-array,5130,1,
29d05589,BUSLGO,code,6144,1,
29d6d3ec,DEM59,code,4096,2,
29e44dc3,piano,basic,2415,1,matched
29ed0bb8,BUTTERFLY,state,49664,2,
29ee2264,inc tx 789,basic,8805,3,yes
29fb0ac4,TSART,basic,1320,1,
2a01b768,DEM19,code,4096,2,
2a01e571,usw070,code,4249,1,
2a06d310,kbK bP channels!,basic,37770,1,
2a0c510d,SPECTR,basic,12200,3,
2a0c72f6,Artificial Intel.,code,25600,1,
2a19c5aa,MAP VARS,basic,7582,2,
2a1d2738,Hyper,code,43046,4,
2a288426,Piano,basic,4747,8,yes
2a333927,sidescroll,basic,1009,2,yes
2a3e917e,cassverify,code,389,1,
2a45bd37,SATURN,screen,6912,1,
2a5e97e8,hday3-,code,8929,1,
2a6f391e,AUTOSTART,basic,5089,1,yes
2a6f3cd3,Jack,loader,29412,2,
2a7be480,init,code,985,1,
2a7c3de4,knight,screen,6912,1,
2a8512b3,PINBALL,basic,5179,4,matched
2a867251,DEM5,code,4137,1,
2a8b7d2e,dunltr,code,1534,4,
2a8bb3a3,help98,code,1216,1,
2a8d026c,ps,screen,6912,3,
2a92c909,DEM54,code,4112,2,
2a9b8a8c,078909,code,3375,4,
2a9e02dd,squirm,basic,12806,3,matched
2aa285fb,misc3,code,8441,1,
2aa9776a,SANTA DIL,basic,6215,2,
2ab16a5f,gotohe,code,49153,1,
2ab2392d,DOS,loader,10072,1,
2ab4020d,Taswor,code,10751,1,
2ab444db,118404,code,11529,4,
2abf61d1,fac10,code,8673,1,
2ac8c9ad,sailor,screen,6912,1,
2ad1442b,22,str-array,5258,4,
2ad37851,mouse2,code,5090,1,
2adec731,SWARM,basic,7158,3,matched
2ae314c8,Christmas Tune,basic,929,1,
2ae9f531,TASWOR,loader,5912,4,
2af2d377,DOSDEX MGR,loader,6022,2,
2af732db,trnstc,code,6000,1,
2afc87e5,cursiv,font,768,1,
2affb180,ART,basic,541,5,yes
2b0508a3,MusicBeep2,basic,9868,3,yes
2b0f7788,DEM34,code,4096,2,
2b1e3342,BANNER,state,49664,2,matched
2b245f09,CONVERT,basic,902,3,
2b3c0137,OldEng,basic,7938,7,yes
2b405114,barbar,screen,6912,1,
2b41b96c,NMI-F,code,829,1,
2b4bf7ac,FISHI1,code,7168,1,
2b5d7217,ani10-,code,5096,2,
2b6adbef,tools code,code,3789,4,
2b6fd5b4,SCREEN$ +,basic,2144,3,matched
2b73f6b3,bs2txt,code,592,4,
2b7cd892,830601,code,8064,2,
2b80b695,Beach Head,code,25600,1,
2b9af6f4,mscript503,basic,3138,4,
2b9c98ee,MEN MAN,basic,4998,3,yes
2ba1d43e,M,basic,21386,2,yes
2ba3424a,HcodeF,code,2000,2,
2bb62c4f,Spell,basic,7411,8,matched
2bbc1f7c,TRANSL,loader,4527,1,
2bc06786,sprit4,code,6000,1,
2bc2a318,CODE1,code,1243,1,
2bd42d31,DEM4,code,4112,2,
2bd86f71,LKterm.C+,code,290,2,
2bddb78a,cassverify,basic,355,2,
2bf5f0c5,LPRINT,basic,387,4,matched
2bfbe903,MAG,basic,2569,3,yes
2c0061ba,COPY 3,loader,654,5,
2c08e278,STELRF,loader,10425,4,
2c127fa4,column,basic,1137,2,yes
2c137633,AUTOSTART,basic,5089,2,yes
2c22bdbf,flash,code,4249,1,matched
2c2f21b0,Fat Bits,basic,589,3,
2c351a7e,ordfm,code,3929,1,
2c385380,ARDFNS,loader,225,1,
2c41991a,LIBRARYlst,loader,9578,3,
2c42dbc3,098806,code,10604,4,
2c61861a,AUTOSTART,loader,3619,59,yes
2c69c5e3,DEM18,code,4096,2,
2c6cd589,OJONES,screen,6912,1,
2c6e022b,vu-calcrev,code,8389,2,
2c74fee4,car,screen,6912,1,
2c7fcab3,m1,str-array,10662,1,
2c80ea54,edit2,code,24064,1,
2c901b3a,MONEY,basic,12743,2,
2c9ca5a8,PS/GE,loader,14644,4,
2c9cf06f,RAIDER,loader,283,1,
2ca115f0,12,code,5983,1,
2ca551db,msc5/5,loader,3290,2,
2caac86d,Escher,basic,2219,2,yes
2caeb1ee,HEADER,basic,3262,6,matched
2cb4a6c6,FORMAT,code,4224,2,
2cba4005,PARTII,code,20736,1,
2cc77235,d4,font,768,1,
2cd5f471,baball,code,281,1,
2cdb3dc2,DEM92,code,4137,1,
2cdfbf49,usw070,code,4224,1,
2cff652e,CRIBBAGE,basic,20278,4,matched
2d08b626,BORDR1,code,217,1,
2d0d644c,casscopy,code,670,1,
2d12b593,hday5-,code,8624,6,
2d18bcb1,INTFC,loader,8175,1,
2d1dbdfa,DEM8,code,4096,2,
2d1e1195,DEM2,code,4137,1,
2d1f26b3,ENV_BIN,data,882,1,
2d220c03,tblade,code,49153,1,
2d251618,DatE,loader,14867,1,
2d319439,softwa,basic,41653,1,
2d37affa,cnsn1,code,4249,1,
2d47ec82,ja8701,code,10456,8,
2d4ae5cb,VUFILE,code,15270,1,
2d5541b3,OJONES,code,6144,1,
2d56ee4e,cnsgn2,code,4160,1,
2d5a15a2,wind,screen,6912,8,
2d5ca4f1,SPGOLF,loader,17119,1,
2d6270d1,recovr,code,1563,1,
2d6f668b,DEM65,code,4112,2,
2d738ae5,N,screen,6912,1,
2d79f771,uhw010,code,4224,1,
2d7d7392,BBDOS 4.0 4K A2,basic,10242,2,
2d886048,TWTM,loader,146,1,
2d8a3c4f,Meteoroids,state,49664,2,
2da7d7e9,$C2TAS,basic,522,2,yes
2db1c858,INTFC,loader,12142,1,
2db88932,gCODE,code,1736,4,
2dd84d3a,FILE+,basic,5623,3,yes
2dec7255,my8605,code,15270,2,
2df54307,file_dex,basic,1118,6,
2dfbd438,DEM26,code,4096,2,
2e06aa07,Mterm,code,9216,4,matched
2e0b42f2,grad,code,281,1,
2e15e420,ZXPERT,loader,1344,1,
2e192588,epica2,basic,41782,1,
2e26404e,Poker,basic,10675,2,matched
2e271d47,NMI-F,loader,979,2,
2e2e9d6c,FFRESH,loader,2880,3,
2e2eb318,GraphPaper,basic,662,1,
2e35fae8,Cube-it,basic,7055,3,
2e55ecdd,sprt4+,code,8512,6,
2e5c3bd2,PS/GE,code,15500,2,
2e6363e6,BORDR5,basic,333,2,
2e6c1b61,TTUTOR,basic,10948,1,
2e6c55dd,AUTOSTART,code,5089,1,
2e7590c3,mis23-,code,8833,1,
2e88de90,repair,basic,7368,2,
2e892cf9,mefrst,code,4224,2,
2e927915,linesc,basic,2628,2,
2ea25e96,Driver,basic,6035,3,yes
2ea88d2c,joyquaddrw,basic,555,4,
2eaa28d2,TIPS-A-M,loader,28020,3,matched
2ed407cf,ENTER Program Choice,basic,3331,1,
2ed74357,tasword2,basic,5514,2,
2edeee5c,showad,code,4032,1,
2edf7490,*tools,code,3591,2,
2edf8d96,DEM53,code,4112,2,
2ee22d06,usw129,code,4185,1,
2ee26724,casscopy,code,672,1,
2eeb5f76,DEM14,code,4096,2,
2eeb9571,DEM27,code,4096,2,
2eef5eb3,mg1,screen,6912,4,
2f02f964,kybrdtutor,code,2922,4,
2f07fa3c,rp,screen,6912,4,
2f128bcf,l14,UDG,256,2,
2f12f3b5,Dragon,code,6144,2,
2f229b07,larkcopy,basic,663,2,
2f26e1f3,code,code,1010,1,
2f2807d3,pweedos,basic,3090,2,
2f28af51,SMILES,screen,6912,1,
2f2ba7e0,tstk p2.6C,code,5672,3,matched
2f2ecf97,consn2,code,4224,1,
2f3ac5bf,lemonade,basic,5551,3,yes
2f45b4dc,canada,screen,6912,1,
2f567cf2,AUTOSTART,code,5087,1,
2f80561e,rubiccubeC,code,168,3,
2f8428a5,MAZE,basic,922,3,
2f914d9a,INPUT,loader,350,1,
2f92f892,ghw-5,code,3904,1,
2f96d104,user keysC,code,165,3,
2f9ef15f,anim6+,code,8976,5,
2fa8f90e,Mortgage,basic,3105,2,yes
2fb141c9,men3d,code,11429,1,
2fb2db91,TOOLKIT,basic,2461,4,matched
2fb542db,<A&J,code,60,2,
2fb98952,usw020,code,4224,1,
2fd950e5,c4,font,768,1,
2fe4ade7,LAND2,code,6144,1,
2fe609bd,PROG.B2,basic,367,1,
2fe82621,Header5,basic,1909,6,matched
2fed8242,mc0291,code,4224,1,
2fefb696,cust,code,5559,2,
300300ae,"""DEMO""",code,3272,2,
300c5b0e,uql&bk,code,4224,1,
3017d747,l17,UDG,256,2,
301e48d1,M,screen,6912,1,
30230fef,SUBREN.DOC,data,2651,1,
302de1b8,complex D,code,20760,3,
303224b1,mscript5.5,code,10025,2,
30329bb9,cd5,code,6937,1,
303ddfa2,GRID9X,basic,1442,3,
30505bb3,ALIQUID SI,state,49664,1,
30666f64,funy5,code,8017,1,
30796779,DEM3,code,4096,2,
308e12a1,Sqp2,code,5337,1,
30a132a5,bujJs,code,2048,2,
30b4ecce,mouse,loader,985,1,
30ba313f,L,code,3581,1,
30ca606e,ani12,code,25,1,
30cc17cf,mis17,code,8177,1,
30cfe12e,mis32,code,8049,1,
30dc0f21,BOX 1,basic,11962,3,
30e15f98,COLIST,loader,5004,1,
30f28007,weather an,basic,15603,2,yes
30fef28d,AUTOSTART,basic,4512,6,yes
30ff8216,UPLOGO3,code,6144,1,
310188b6,078804,code,3767,4,
31083124,95,str-array,4208,5,
310e093f,7,str-array,6658,1,
31136bbc,pg,loader,5810,1,
3116956f,DEM30,code,4137,1,
311c2886,H MAGICK,state,49664,1,
311d1288,KEEPER,loader,797,2,
311d30b6,diskspeed,basic,1858,2,
3129d52d,DEM47,code,4096,2,
312cf079,ADVERT,basic,3024,5,yes
3133cc6c,kbK bP channels!,basic,37770,1,
3137a834,z,screen,6912,1,
313f3b48,Help,code,1612,2,
31481acd,DEM11,code,4112,1,
316fdaab,TIPS-N-Z,loader,28113,3,matched
31809678,catfishscr,screen,6912,4,
3195ee1d,read,basic,849,3,
3196144f,FORMAT,code,6541,3,
31963355,sprt4,code,8537,1,
31aa2e5a,MCGRAFICS,basic,452,2,
31ae2c58,spacman,basic,3847,4,matched
31ae93fd,VUFILE,loader,1067,9,
31af7ee4,Pg3,str-array,4904,5,
31d52b8e,QUIZMSTR,basic,7267,1,
31da184b,FALLS,screen,6912,2,
31e1580d,lm,screen,6912,4,
31e3e16f,RUNNER,loader,1096,1,
31e428ad,nws3n3,code,3904,1,
31eec746,STATUSCAN,basic,1702,4,
31f38035,uhw050,code,4185,1,
31f72b58,cass1a,code,14592,1,
31f7b2f8,README,code,729,1,
31f9824b,tape2tape,basic,849,3,yes
31ff8095,pdware,code,4224,1,
32093ee6,ROM/T copy,code,16384,3,
32111cf3,DEM48,code,4112,1,
3222061c,COVRDB,screen,6912,1,
3224a30a,Taswor,code,10771,4,
3224f73a,horace,state,49664,2,
3225a554,uql/bk,code,4224,1,
32298b9a,MS5.5,code,20436,1,
322ee251,cnsn3,code,4249,1,
32370979,J,screen,6912,1,
32377aee,TP2DSK,loader,1446,1,
3245000f,BIO-graph,basic,2529,4,matched
32516a18,sr,code,6937,1,
3269dae6,tapsav,basic,10569,2,
327ba373,Astro Blst,state,49664,1,
328462f5,AUTOSTART,basic,5089,2,yes
32877144,Install the disk to be formatted,loader,2960,3,
328a1bbf,softwa,UDG,256,1,
328f563b,tasword,code,10751,2,
32aac67f,841101,code,10286,2,
32b0b6c8,ja8702,code,14853,8,
32bc01ac,GRAFIC,loader,7796,3,
32c60537,MOVE,loader,4226,2,
32cc3d8f,tss-11,code,3801,1,
32ccbbd2,nws3n1,code,4249,1,
32cd4bb4,usw010,code,4224,1,
32d25a04,paint,code,488,1,
32e9b689,misc3,code,8441,2,
32fbd1a1,MINOTAUR,state,49664,2,matched
32fd05de,Saddle COS,basic,2022,3,matched
3309b0c7,t3,str-array,518,1,
330fbf07,Dta1,str-array,1593,4,
331614d1,tss-17,code,3776,1,
33307eab,DEM69,code,4137,1,
3333da8a,BORDR1,basic,330,2,
333c1b30,Tasl51,code,4525,1,
334b4a74,PEEK VARS,basic,1111,8,yes
334c21ac,cclear,screen,6912,1,
3384654b,Ibm,code,1190,3,
338afa7e,C. break C,code,1500,3,
33d2fe29,VERI_DISK,basic,4638,6,
33e6cb7a,BINGOfsp,basic,3541,4,
33ea1c39,MMRG,loader,11129,2,
33f60d97,ANIMATION,basic,1788,5,yes
33f8898b,kbK bP channels!,basic,37770,1,
33fca39b,Block 20,unknown,1790,2,
33fcc3a2,timexlogo,basic,11527,4,
33ffff47,uqlbk,code,4249,1,
34077364,page4R,code,24064,1,
34147e29,Q*Bert,basic,7024,1,
3418c2cb,colony,code,43046,1,
34262f1e,QUICK,code,18867,2,
3428de16,NMI-S1,code,49153,1,
34292ced,unload,code,190,4,
3429769d,DUNGEONS,state,49664,1,
3430414b,GYPSY,code,22036,1,
344770c6,face1,code,9105,1,
3448c99d,PHONE,loader,33663,1,
3456b04e,PARK,basic,7361,2,
345e18e5,ZXPERT ZXT,state,49664,2,
346b4fde,EXPONT,loader,217,1,
347243d9,usw080,code,4249,1,
3472bdc7,TAPES,loader,7567,1,
3476de34,Sql10,str-array,240,5,
347fd003,AUTOSTART,code,5441,1,
34868fc7,CHAPLN,screen,6912,2,
348800b4,ProFile,state,49664,2,matched
34881846,cass2a,code,13590,1,
349904b4,mscript5.5,basic,3248,14,yes
349b03c0,TAPES,loader,10123,2,
34bd6f42,DEM66,code,4096,2,
34d2bfce,PXLPRN,loader,519,1,
34de9f3b,DEM79,code,4137,1,
34e3b06b,gameov,code,49153,1,
34f8bb2f,Pg16,code,3361,1,
34faa28c,times,font,768,1,
3500d8a8,Scanner,basic,1164,3,
351bde13,RESISTOR,basic,6810,3,matched
3520de29,G,screen,6912,1,
354763d7,concentrat,basic,1704,8,yes
354f1970,DOURTY,screen,6912,1,
354f79bd,TLTIME,code,27010,1,
3555f7b0,028401,code,6788,4,
35567948,1,state,49664,1,
355be186,larkcopy,code,648,1,
355e3cad,CHECKDISK,basic,1507,2,
35618170,DEM47,code,4137,1,
356a1bc5,GPTPDP,basic,4862,2,yes
357802b0,!edit,code,1632,4,
35948594,LogonI,code,320,3,
35a9202f,ICON-C,loader,809,2,
35aa1e8f,VU-3D,loader,660,8,matched
35af2c38,ANIMTN,loader,197,1,
35b750bf,AUTOSTART,code,5114,1,
35b956fa,e3,font,768,1,
35bd3cc6,DFM ABC,basic,6009,6,
35bfd42b,GPIX,basic,1020,4,yes
35c38677,mterm2,code,9900,2,
35dea9c2,DEM84,code,4096,4,
35ed3933,mis33,code,7449,1,
360acf51,11,screen,6912,1,
360e160f,SHIRES map,str-array,709,3,
360ee0e5,DEM47,code,4112,2,
361d3e90,GAMES,loader,12788,1,matched
361e552f,olive,code,1472,2,
362ffe5a,tv check,basic,1478,3,yes
3631de4a,blind,code,5550,2,
364e8fb8,1,code,49689,2,
364ebaeb,m5text,code,906,1,
3661a92e,RECCAT,code,3898,6,
366de9af,compos,basic,5429,1,
366f6108,AUTOSTART,basic,5089,2,yes
367abbd8,feng3,code,7552,1,
36805fbc,pinbal,code,49153,1,
368ce340,MS5T,state,49664,2,
368ff7f0,nessie,basic,2798,3,yes
369532b2,face3,code,9193,1,
36a2a83e,Drag loreC,code,6758,7,
36aa4145,RLENCD,loader,396,2,
36ab7585,westrn,font,768,1,
36b4ce60,ARTWORX,basic,5120,2,matched
36b624fb,demo,basic,1568,3,yes
36bb913a,PARROT,loader,1161,1,
36bdd3bf,inc trac pos or switch sides,loader,4708,1,
36c2a49f,Video Grap,basic,2693,2,yes
36da1060,villag,loader,3767,1,
36df36d1,AUTOSTART,loader,3608,1,
36e50d3a,Xmas tune,basic,4530,2,yes
36f5e46c,CATUG,loader,17092,1,
3709819b,MORSE,basic,2894,6,matched
3710817a,inc trac pos or switch sides,loader,4491,4,
3710936c,Battle Zone,code,25600,1,
371a2f57,AUTOSTART,code,5062,1,
3729a621,Ladders,basic,3152,3,
3729c8df,THEEND,loader,163,1,
3729f000,vcC?,code,6208,9,
372b4d52,GYPSY,basic,15322,1,
3732695e,tran1-,code,8257,2,
3747b369,hrsbgy,code,7168,1,
375de471,Projecting,basic,247,2,
37614fc8,DEM31,code,4096,2,
37643bf0,inpt,basic,3616,4,
3772c5f8,silent,code,43046,1,
377876b4,taswordl-o,code,10751,2,
3781cf1e,COPY 3,loader,4665,1,
37846ae5,prac,basic,555,2,
379dd17d,XMSLBL,loader,9467,1,
37a637a0,SKETCHPAD,basic,728,3,
37b5575c,UPLOGO4,code,6144,1,
37b80dee,SHELL,basic,1356,1,
37bd17b9,ClrBok,code,1931,2,
37d52f2b,BUSTER,loader,293,1,matched
37df71ed,Disk Verify for JLO,code,25600,1,
37e052b3,HEADER,loader,1357,1,matched
37e5a1b9,USERS,basic,491,1,
37e8dd71,FRESHN,code,2317,2,
37f9be00,FRESHN,code,1160,1,
38002c81,face8d,code,7360,6,
38041d12,mike08,code,4249,1,
3810b58c,inc trac pos or switch sides,loader,4491,4,
38191e57,Sqp5,str-array,12195,4,
3828f5ac,COLORS,loader,890,1,
3867faff,WP : Manl Adrsg,loader,742,2,
38873027,hot z1,code,21798,2,
38966d91,chessc,screen,6912,1,
38997ba4,This Utiity Copies Disk Catalogs,basic,676,5,
389d6f5e,MUSIcomp1,basic,1040,2,yes
38a411ec,hexa-z,basic,460,3,yes
38a43fe3,U.S.Map Display,basic,2880,1,
38aa18f4,diskspeed,basic,1858,2,
38ab1fdb,PAGE 10,basic,7083,1,
38b0460c,16,str-array,5608,4,
38b57009,DEM37,code,4112,2,
38de9a4e,Hcode,code,5115,1,
38f195e9,db1,screen,6912,1,
3907faa1,PP 2.0,basic,1448,3,
391db4e0,L2,code,12683,2,
39211eab,Monopoly,state,49664,2,
393a0191,3D Maze,basic,7016,3,yes
393a03ac,hbtax87,basic,4131,4,
393cb0fa,ml6,code,1822,1,
39401946,GenII,basic,2394,3,yes
3941244d,bold C,font,768,7,
394521fd,menu_one,basic,1570,1,
3953242c,841205wes,code,12557,2,
3953bae5,usw040,code,4224,1,
39549700,tasword,code,5711,2,
39705e7c,end,code,1433,1,
39770862,HI HZ2 4.0/4K/M,code,13638,2,
3979cc3c,PRESSDEMO,code,16130,6,
39811136,typist,basic,2864,4,matched
39884054,Windows,basic,2534,3,
398b69d1,Taswor,code,10751,1,
398dec5d,cd2,code,6937,1,
3993d7de,cassverify,basic,373,2,
399e444d,IBM,basic,2702,3,yes
39b404c9,4,state,49664,2,
39b8a0bc,Pyramid,basic,483,1,
39bdbde9,usw080,code,4249,1,
39c2fac0,xmas1-,code,8409,2,
39c5a0b7,autoline C,code,250,5,
39d1e4a9,xx,screen,6912,4,
39d2c99c,flash!,code,4224,1,matched
39d36cc8,nwsp2,code,3694,1,
39d56633,AUTOSTART,loader,3649,1,
39d59e22,Mpg51,code,4120,1,
39d759f3,MSCRIP,code,10000,4,
39e441d6,complex nu,basic,6718,2,
39f43458,SOLFEG,code,2263,1,
3a08e24e,if,screen,6912,4,
3a12efa1,editor,code,5090,2,
3a1ee6b2,HUNTER,screen,6912,1,matched
3a1fa32b,cbkldr,loader,2340,2,
3a2a6e6a,epica2,screen,6912,1,
3a367ec6,F1040-87 3,basic,15221,2,yes
3a3994d8,DEM52,code,4112,2,
3a46f86b,anim8,code,25,1,
3a654dbc,1942,code,49153,1,
3a65b3cf,cartoon2D,screen,6912,3,
3a65e0fa,@WIT.S,screen,6912,4,
3a80ff05,zodi1-,code,7216,7,
3a872766,SOPHIA,screen,6912,2,
3a944347,vccels,code,36000,1,
3a98e8a3,mis29,code,7577,2,
3a9bb955,RDade,code,7998,1,
3a9f9fa7,nws52,code,4249,1,
3aaad6ac,bas2txt,loader,3204,2,yes
3ab2eb92,bedit,code,2009,1,
3adb2166,otl,screen,6912,4,
3add9fe1,starma,code,24,1,
3ae7caab,me 1st,code,4249,1,
3aee0e86,FORMAT68,data,1536,1,
3afac0ea,ICON-L,loader,2430,1,
3b0661d6,US/CRASH MUSIC DISK # 1,loader,1299,1,
3b08bc7c,om6400,basic,44,2,
3b161d2b,men5,code,8985,2,
3b358a09,ToolKit1,basic,973,3,yes
3b465167,INTFC,loader,8327,2,
3b51e0d3,altchrldr,basic,4560,4,
3b56a450,DEFUSE,basic,518,3,
3b5f2ffb,bedit,code,1606,1,
3b601df9,golf,basic,1080,4,
3b65d3f7,PIXELM,code,11800,1,
3b66f48d,key2,code,24064,5,
3b684d8e,SQUAW-T,basic,4414,1,
3b6870b1,ordfm,code,4224,1,
3b6d0d9b,profilagin,code,1784,2,
3b7379a7,B,UDG,256,1,
3b756ed5,1200BAUD,data,256,1,
3b7c384a,sm,screen,6912,4,
3b8e6347,File 8,basic,2721,1,
3b901d63,xmastr,basic,6809,1,
3b996e19,ctas,loader,6174,4,
3ba58e39,TMAPED,loader,1100,3,
3baa9a28,CALENDAR,basic,8545,10,yes
3baf09f5,TTUTOR,basic,7906,1,
3bc0e6a0,planet,loader,37342,2,
3bc3a1e5,cassverify,code,398,1,
3be46ff8,TIMEMACHts,state,49664,1,
3c1067c6,chkdsk,code,314,2,
3c10b544,sr,screen,6912,4,
3c12e9fc,FPILOT,basic,88,1,
3c1603eb,twc,code,10776,2,
3c2275ab,TR,data,2688,1,
3c25b831,flash,code,4249,1,matched
3c271eda,GrtCircle,basic,982,7,yes
3c33ccfd,tasword>PP,basic,3290,3,
3c3c490d,OSC-10C,basic,14817,3,matched
3c433586,CHESS,loader,399,1,matched
3c441382,CRIBBAGE,basic,18014,1,matched
3c45bec1,usa,screen,6912,1,
3c4d10f3,FONT,font,768,1,
3c50b384,DEM123,code,4112,2,
3c59d3a3,Repairnote,code,1984,1,
3c5b29e3,ROBOT,state,49664,2,matched
3c5ffcc5,dec129,code,4249,1,
3c62deae,TMXOFF,data,256,1,
3c85a184,*misc2,code,15761,2,
3c8f664e,Super Check Balance,basic,2943,1,
3c949450,b1,font,768,1,
3ca2111f,FORMAT,code,6541,1,
3ca27932,Sounds,loader,3996,1,
3ca6e573,misc5-,code,8185,1,
3cae7f57,readme,code,4224,1,
3cbc907d,fracgar,loader,20827,2,
3cc7378e,BANAL,loader,3112,3,
3ce135a2,DISKS,loader,12809,1,
3cec7365,GYPdoc,code,8437,1,
3d1288fd,ROBOT,basic,29974,1,matched
3d16f883,cnsn3,code,4249,1,
3d1b0e71,Loader V,loader,2935,1,matched
3d1baac4,Mterm II,code,24064,1,matched
3d226598,popupmenu1,basic,2354,4,
3d281a0c,ord-1,code,3904,1,
3d305856,add2,code,1023,1,
3d414ea2,LINK 4 C,code,1386,3,
3d42bf2a,NASALG,screen,6912,1,
3d545cfb,trace,code,1829,2,matched
3d54a8b5,ghw-7,code,3929,1,
3d57a2c8,bytpwr,code,18545,2,
3d63d614,mis11,code,7745,2,
3d771e37,froger,screen,6912,2,
3d87c536,Sql6,str-array,2038,4,
3d8cd343,AUTOSTART,code,5089,1,
3d9a3e01,copy,code,1280,2,
3da16276,SOUNDS,loader,2649,1,
3daf458f,HEX TO DEC,basic,349,2,
3dc504d9,058904,code,3727,4,
3dd0523a,mem test,basic,432,2,yes
3dde6054,flash,code,4249,1,matched
3de5010a,DUCK SHOOT,basic,1823,3,
3df4ed2d,DEM53,code,4137,1,
3e145c51,hi res,code,6610,4,
3e2813bc,DRIVE?,loader,3542,1,
3e28cf55,zip30_exe,exec,1536,1,
3e3a7d12,AUTOSTART,loader,3611,1,
3e415c7d,vf,code,7216,4,
3e5284c3,SPIRAL,basic,776,3,matched
3e537171,LABEL,code,13632,2,
3e5bb9df,chkdsk,code,339,1,
3e5db2fd,AVALON,state,49664,1,
3e615ef6,bujE,code,17642,2,
3e67be8d,Goblins,basic,3837,1,
3e6a43c8,DEM66,code,4137,1,
3e7193c2,GRAFI2,code,5945,1,
3e72f5ad,line1,basic,1796,2,
3e74fb60,DEM91,code,4137,1,
3e9488c3,prog 5,basic,863,2,
3ebda093,SignDesign,basic,16897,4,
3ebeb04c,pdwre3,code,4224,1,
3ec0ef34,Tennis,basic,2828,2,yes
3ec51f68,Maze Death Race,basic,3247,1,
3ec5dd72,gift,code,281,1,
3ec895ad,Zeus Assembler,basic,1053,1,
3ed18b34,m2,screen,6912,4,
3edf1ba6,FALCON,module,10240,6,
3eeffde7,DEM72,code,4112,2,
3ef76e12,cartoon C,code,1000,3,
3f000913,Guardian,basic,2975,1,matched
3f03bd5e,MEMOTEXT V34KMT,basic,13846,2,
3f068b07,fina-1,code,3017,2,
3f1410ca,consgn,code,4249,1,
3f14547d,ANIMALS,code,37048,1,
3f2706d4,tape direc,loader,850,2,
3f349e14,AUTOSTART,code,5114,1,
3f3a9db9,RECCAT,code,3898,6,
3f4367c5,sprt2+,code,8336,2,
3f485604,tasword,basic,5853,2,
3f489a54,PIANO,basic,4678,2,yes
3f513219,earth1,code,6144,1,
3f577245,uhw040,code,4249,1,
3f580f39,dskman,code,5865,1,
3f6fbaa8,ade1a,num-array,5508,6,
3f793ee4,mg1,screen,6912,1,
3f7ff5e2,mis10d,code,6364,1,
3f817a0e,CHAR64,code,793,1,
3f8ec297,uhw070,code,4224,1,
3f97def6,anim3+,code,8592,5,
3f995fd6,TasTerm,basic,388,2,yes
3f9e8fbf,COLIST,loader,3477,1,
3fa3a667,lament,basic,5984,1,
3fb17397,CALNDR,code,13668,1,
3fb1c94e,Variable A,basic,2370,2,yes
3fbcc750,gazete,code,9942,5,
3fc1980a,DEM68,code,4096,2,
3fc259f0,mag,screen,6912,2,
3fc39336,UDGS,code,25,2,
3fc68945,TRKSID,code,1168,1,
3fdefc2f,MSCRIP,basic,3228,4,
3fe31157,tinyboard,basic,30860,2,yes
3fe3ee78,HORSE,code,6144,1,
3feeb5b2,DEMO,code,2978,1,
3ff77a86,MINISTUDIO,basic,8516,2,yes
3ff77f14,MEMOTEXT V34K**,basic,13267,4,
40012dbb,DEM48,code,4112,2,
400ff443,MASTER,loader,2826,1,
4018329a,db4,screen,6912,4,
4024d1d8,DRAW,loader,2917,1,
4028afaf,DEM93,code,4112,2,
4036f12b,3,state,49664,2,
40380393,editor t C,code,3011,3,
403f5552,freshn,code,986,1,
404642f8,init,loader,852,4,
40502c57,Comments-Steve Spalding,loader,1882,1,
4053bf29,DEM11,code,4096,2,
4074c322,printing0,code,1914,2,
407cb1ed,androids,state,49664,2,matched
409828b0,sirfre,code,43046,1,
409a6bef,face7-,code,9177,1,
409a80ca,face5+,code,7960,6,
409df756,SHIRES prt,code,482,3,
40abcf2f,men1,code,8729,2,
40b30825,TRKSID,code,3993,6,
40b38d71,HYPERCHSS,basic,20317,3,
40c035d7,help,code,9216,2,
40c2e914,Poker 3,basic,23979,3,matched
40c6bb63,ani10-,code,7856,4,
40c90a7a,DEM70,code,4112,2,
40d6cfed,RedArw,screen,6912,3,
40db1c8c,Turtle Hop,basic,7913,2,
40dd7e1b,!type/ibm,code,5082,2,
40f9d5ed,TRANSPORT,code,2312,2,
40fe414a,HOT Z 1.8S,state,49664,1,matched
4101ca32,calendar,basic,2404,3,matched
4114189e,PAGE 10,basic,7083,2,
412670b4,UDGS,basic,4555,2,
412a131f,DOSDEX,basic,2012,7,
412c7694,rnmbr,code,31,1,
4130f29a,clone,basic,49153,2,matched
413128e2,npt,screen,6912,1,
414e9e05,TIGER,screen,6912,3,
4150ac42,ASEMBL,loader,11621,1,
4152b5c6,ql-1,code,3481,1,
415f9f42,shuttl,basic,41782,1,
417448e3,page4L,code,24064,1,
4181e883,BLACK J,basic,7815,3,
418cc695,Pg33,str-array,3592,4,
419ada33,SHUTTL,loader,370,2,
419dc68c,DRIVE?,loader,3425,4,
41a1acea,dcodeio,code,200,2,
41a37511,mis33,code,7449,2,
41a498b2,INSTRUCT'S,basic,7976,2,
41acfe74,FLECHO,loader,528,1,
41bb3e16,Read_Msg,code,2671,4,
41c0f5ec,ART3,code,6937,1,
41cb7c52,BYTELOADER,basic,782,3,
41ded2a0,20tons C,code,15000,3,yes
41e227ef,WINDOW,loader,486,1,matched
41e5a674,ski,basic,4090,3,
41fad8c1,Kingdom,basic,6059,6,matched
4209f880,DFM ABC,basic,10022,6,
420cafae,forwar,code,3456,2,
420de7d8,Charsets3,basic,509,3,
42113da3,xfr,loader,1936,9,
4217053b,cnsn2,code,4249,1,
422eb7bd,M*5,basic,6104,6,
423e1808,AUTOSTART,code,7494,1,
4244aee5,printhead,basic,1929,3,
424624b6,nws5#2,code,4224,1,
4255e11b,clone4,code,2516,6,
425c78f4,mis30+,code,8280,6,
42612ef3,HELICO,loader,298,1,
42745919,RESTOR.DOC,data,1122,1,
4275e8f7,DIS-ED,basic,7274,2,yes
427b8c4e,HOT Z2,code,24600,1,
427c48cc,quake,basic,4475,4,
4289c8dc,DFM-ABC,basic,9972,1,
429d0218,MANIMATION,basic,6428,3,yes
42b191b4,C. Break,basic,2718,3,
42c3ec47,JBBS,loader,14755,2,yes
42cda589,SHOW$,loader,1149,1,
42d017d8,SKYDVR,code,15623,1,
42e72c9d,bio pt2,basic,53,3,
42f18f02,forwar,code,3481,1,
42f2554f,larkcopy,code,688,1,
42f299c4,IRA PAYOUT,basic,948,2,
42fd0e16,Curve,code,25600,1,matched
4300ad5a,ql-10,code,3904,1,
431734af,Chars,code,5115,1,
431785a0,vc,screen,6912,1,
431d5a3b,PAIRS,basic,17356,4,matched
4324b128,Glass,code,25600,1,
433009df,paint,code,392,4,
4339e2f6,Block 16,unknown,14846,2,
43477014,Hisoft Pascal,basic,650,1,matched
435d120d,SIMON SAYS,basic,858,3,
435e7ab7,The BIZ,state,49664,1,
43643d82,SPIDER,basic,7715,3,matched
436613de,a5,font,768,1,
4369d77d,usrpgm,code,5090,1,
43748c4e,food1,code,7241,2,
4378fe23,cat,code,701,1,
437a2ef6,HR,screen,6912,1,
437f97e0,SAM1,screen,6912,1,
4382c877,MR1BTBASIC,basic,697,3,
4393246e,COLNAM,loader,1510,3,
43946ed3,Block 19,unknown,3630,2,
43a1bff7,chncry,code,728,1,
43a25d77,NMI-S2,code,49153,1,
43a67d06,addres,code,192,1,
43bedde4,TTUTOR,loader,2167,1,
43c3ddf8,CCATS2,screen,6912,1,
43c51e00,cal,screen,6912,1,
43d48da8,PAINTING,basic,1207,3,yes
43e028d5,DEM38,code,4096,2,
43eba58d,train,screen,6912,1,matched
440670b5,FIVEB,code,13824,1,
440e9e58,QRL,loader,2867,1,
441299cb,anim9+,code,8632,4,
441ead21,ctas,code,12950,2,
442018b4,Moonland,basic,3464,3,yes
442aa574,840201,code,6789,2,
442b89f3,rename,loader,1178,4,
4432c8ff,rename,basic,1148,2,
443bf3ff,pt,code,213,1,
443bfa1b,COPYII,code,809,1,
443fe815,tracer,loader,3202,1,matched
444b70a1,nws2n8,code,4249,1,
4456bb5a,DEM32,code,4096,2,
445897a1,DEM18,code,4112,1,
445a6395,falco2,screen,6912,1,
445e102c,format,code,1184,1,
445ee880,food1,code,7241,1,
44675577,inf-1,code,3929,1,
44719e4f,RLEMST,loader,2892,1,
44839b15,Hot-Z version 1.6,loader,2714,1,
448c134c,CP2MC1_zip,data,31740,1,
448f9482,jewstr,code,281,1,
4496be27,HALLOWEEN,basic,10441,2,matched
449966ba,BYTEMAP,basic,6341,3,
44a0a959,SCUBA,loader,456,2,
44a8f7c8,COPY 3,loader,749,1,
44b3e1e0,buster,basic,6490,4,matched
44b53cac,BINPRINT,basic,952,3,
44ba43ed,BOZO,screen,6912,1,
44cb1cac,funy3-,code,8768,2,
44d828da,FTRKSD,loader,1033,3,
44e5b161,UDGs,code,168,1,
44f0b9c7,catprint,basic,622,4,
44f19f5e,AUTOSTART,loader,3824,1,
44fc6614,Fighter Pilot,code,25600,1,matched
450df9a1,stymn,code,8922,1,
45161e4a,dm,screen,6912,2,
45204d3d,COLUMN/3X,basic,1085,2,
45270fc4,4Xsideway2,basic,919,7,yes
45292169,!q+convert,code,283,4,
4536be3b,COPYII,code,3761,2,
453a58d2,calculator,basic,4068,3,matched
453e45ea,64CALM,loader,1632,1,
454925a2,wind,code,6937,1,
454b25f7,l7,UDG,256,2,
45622f08,RECCAT,loader,1159,2,
4565018c,l21,UDG,256,2,
45676eed,AUTOSTART,basic,5089,2,yes
4580272e,DEM59,code,4137,1,
4585f453,help30,code,704,1,
459e0162,FLC,loader,13194,1,
45a6a9f5,Autodial Routine,code,24064,1,
45ac68ff,AUTOSTART,basic,7469,1,yes
45ae2bee,art 2.27 C,screen,6912,5,
45b4c019,PP-FONT#1,basic,751,3,
45cf4dab,HexCon,basic,732,2,yes
45d2fcb4,LOTERY,loader,2250,1,
45d74db2,GRAPH,basic,1458,2,yes
45d9ac84,cpytapes2C,code,919,3,
45f04c1f,EMPIRE,loader,240,1,
45fcd641,23,code,5283,1,
45ff32fe,TypLC,basic,10314,1,
460c5697,ade0,num-array,5508,6,
46138a4a,DEM71,code,4137,1,
46158eba,HARM_F,code,13824,1,
46165415,my8604,code,13073,8,
461ba002,fracthe,basic,10462,4,
461f2dcb,me 1st,code,4249,1,
461f481e,DEM7,code,4137,1,
462bb676,Tracer,basic,611,3,yes
464982bc,dp2,screen,6912,4,
464ea455,AN,screen,6912,1,
4659c8bf,mike09,code,8473,1,
467534f9,ART5,screen,6912,3,
4677e88f,misc4,code,7273,2,
4681283d,cupid,UDG,256,4,
4681dc4d,SOLTAR,loader,8083,4,
46846928,nwsp4,code,3948,1,
46895c79,Falcon Patrol II,basic,3247,1,
469473f2,DCKSHT,loader,3430,1,
46a331fe,Block 8,unknown,62,1,
46aae0da,invert,basic,642,2,matched
46b10475,t/snug,code,1633,4,
46b3d87d,DEM48,code,4137,1,
46b4623a,ghw-8,code,3929,1,
46b6f91c,3D DRAW,basic,3139,3,yes
46c5f5f2,DRAW,loader,331,1,
46d78402,Demolition,basic,3623,3,yes
46ead3db,COVER,code,2206,1,
47046f4f,H MAGICK,screen,6912,1,
470e36fb,xmas5-,code,7913,1,
471fe8eb,keys4,basic,5422,4,
4724de03,qrlt,loader,2794,2,
472d3ec7,NMI-F,loader,804,1,
47308d16,AUTOSTART,code,5089,1,
4733d314,O1,str-array,200,4,
473b3d26,DEM4,code,4096,2,
473ccc1d,DISKS,loader,7637,4,
47481103,sort,code,665,1,
474f2f5b,franki,code,43046,1,
4754d372,SPOCK2,screen,6912,2,
475788ab,DASC01,screen,6912,4,
475ba935,$files,code,6703,1,
476b670e,HOT Z1,loader,395,2,
476e077f,19,code,4233,1,
477761e6,DEM17,code,4112,2,
477d4037,SHOW$,loader,1020,1,
478894b4,FORMAT,code,6541,1,
478bb309,waves,basic,8374,2,
47965c76,PXLPRN,loader,1709,1,
4797af5f,DEM25,code,4096,2,
479b0242,$head,code,154,2,
47a54484,AUTOSTART,code,4537,2,
47aaee3c,italic,font,768,1,
47ae7437,ART8,screen,6912,4,
47b6b5d1,058907,code,4399,4,
47c0002e,RELOAD,loader,656,1,
47c0bf4b,LDR,basic,1967,4,
47c60ed2,018501,code,10507,4,
47cf8ef3,bells,code,281,1,
47cfcc85,BORDR2,code,192,2,
47d7d61c,DISAZ3,loader,10237,1,
47ec6ed1,AUTOSTART,code,5089,1,
47f1e885,key3,code,24064,5,
47f475ab,STELRF,loader,10127,4,
48055dbf,FRFGTR,loader,10980,2,
48062c70,MSCRIPT V,code,9600,4,
4813fc07,pc,code,4249,1,
481a25c8,VC2LP,basic,1190,1,
481acfd4,solitaire,basic,8551,1,matched
481d31dc,stymn,loader,1960,5,
48215570,succes,code,4864,4,
48276b18,village S,state,49664,3,
4831484e,INVERT,basic,275,3,matched
484039fd,3maywork,code,10882,2,
48413bca,CCLOSH,code,25,2,
4847f76d,3-D Funct.,basic,2104,4,yes
484dba02,CHCKRS,loader,168,1,
4853a5b7,dice,basic,4100,3,
485871e1,cd2,code,1822,1,
48694540,Amortize 1,basic,8135,4,
48750e29,BROTbroERr,basic,953,4,
488dea1e,certi5full,basic,3312,4,
4893392d,Press Your Choice...,loader,792,1,
4893678f,Logon,code,565,3,
48971ca8,DEM28,code,4112,1,
4898acbf,FILEKEEPER,basic,873,2,
48a77a86,MScript,loader,2968,5,matched
48c62796,BANNER,loader,956,2,matched
48cc4281,FONT 11,code,916,1,
48e107dd,SPRITE,loader,3777,1,matched
48e304c9,MUSIC,basic,20896,4,matched
48f3172c,3DMINOTAUR,code,12867,3,yes
48f5e164,Pg10,code,2833,1,
48f6e47a,mike07,code,8473,1,
48f6eb13,olympu,screen,6912,1,
48fba3eb,chrlib,code,452,1,
49003565,inf-1,code,3904,1,
490a0107,23,str-array,5258,4,
490de8e8,3D-PLOT,basic,964,3,yes
4913234a,anim6,code,9001,1,
49168e9f,uhw060,code,4249,1,
492c0b0b,DEM17,code,4112,1,
49315f1a,Mterm I,code,24064,1,
49443811,STATUSCAN,basic,1702,2,
494f60a2,NMI-F,loader,803,7,
495d4ec9,DEM88,code,4096,4,
496149ac,Skater,UDG,256,2,
49646bd3,nights,code,49153,1,
496690cd,db1,screen,6912,4,
496f0b59,CLOADR,code,32247,1,
49870d25,FORMAT,code,6741,1,
49922b78,FANALY,code,6735,2,
499451e1,cd10,code,6937,1,
49961e2d,AUTOSTART,code,5089,1,
49988834,prog 15,basic,916,2,
499f11e6,STOKVALU,loader,2857,1,
49b63ce7,+m2,code,2144,2,
49b73ac5,CMcode,code,1049,1,
49ba30ff,DEM33,code,4096,2,
49bd77a4,MAX-EXTRAC,basic,9261,4,
49d25577,JKIRK,code,5090,1,
49d380af,EXPLSN,loader,269,1,
4a041056,anim1-,code,8360,2,
4a078329,AUTOSTART,loader,3588,2,
4a09d8e6,JSLSPTERM,code,3242,4,
4a0c68d8,MAPOUT,code,2154,2,
4a0fab97,NUMBER_Z,num-array,5505,4,
4a16eb0c,DIKTRC,loader,36185,1,
4a1aa843,COLIST,loader,13657,1,
4a347eb6,DEM27,code,4137,1,
4a367307,ql-3,code,3648,1,
4a36e6a6,DEM75,code,4096,2,
4a3d2292,musicola,state,49664,4,matched
4a408b68,QED,loader,13320,1,
4a418a12,Art Studio,basic,2984,1,
4a43edbc,fanaly,code,1536,2,
4a4ba6f1,firefl,basic,41782,1,
4a6d5f0b,hangcat,basic,1612,4,matched
4a724509,GRAND PRIX,state,49664,2,matched
4a736d7d,!type/hr5,code,5094,4,
4a77201b,$SNA2JLO,code,1244,2,
4a7ac2c7,DEMO64,basic,7031,2,yes
4a93303e,scannr,loader,2431,1,
4a967010,Dta1,code,1618,1,
4a998c05,Asteroids,basic,3571,5,yes
4a9a99a3,men6-,code,8489,1,
4a9be959,ghw-6,code,3929,1,
4abceb38,BEAR,code,5459,1,
4ac3ca47,HELP1-BBDOS,loader,15338,4,
4ac48eb5,ART3,screen,6912,2,
4ad4549d,ENORO.SCR,screen,6912,7,
4ae05443,FINDBAD,data,2048,1,
4ae0d8c9,miche3,code,6144,2,
4aeb1fe3,flash,code,4249,1,matched
4aebc3c5,plotte,code,8667,1,
4b0018fb,CHARACTER,basic,666,2,yes
4b00c708,Superfile,basic,10989,2,yes
4b07422b,mis16d,code,6500,7,
4b0dc157,uqlbk,code,3609,1,
4b105d6c,B9*,basic,20176,4,
4b1af89d,mgt,code,1822,1,
4b1b07bf,SHERLOCK,state,49664,1,
4b2f46f2,UDGS,code,5115,1,
4b31594b,VOICE,loader,3006,1,matched
4b32af60,ESPANOLA S,screen,6912,7,
4b334886,BYTPWR,loader,642,1,
4b379c4a,Androids,code,25600,1,matched
4b3cceb4,uhw050,code,4224,1,
4b48bb73,MENU02,screen,6912,4,
4b6f932a,Pixel Prin,state,49664,4,
4b878ad8,codmst,loader,9961,1,
4b8f7fd5,NEW CHR$,basic,3341,3,yes
4b8fe79a,Mission,basic,9877,3,yes
4b928ba0,cd7,code,6937,1,
4b93a712,AUTOSTART,basic,5089,4,yes
4b94b682,ROMCHECK,basic,1213,4,
4ba04bfd,cartoon D,screen,6912,3,
4ba8a6ff,mscript503,basic,3137,4,
4bb1d320,AUTOSTART,code,5089,1,
4bbbd2bd,DFMCD,code,1200,2,
4bcc9f26,masthead4,code,24064,6,
4bd0863b,SPRITE,loader,1601,1,matched
4bd1de79,MUSD04,code,49153,2,
4bd5e948,canal3,code,49153,1,
4bd78797,shockw,code,49153,1,
4be7c983,casscopy,code,674,1,
4bf97ab3,DANDY,screen,6912,1,
4c06dc15,FAIRFAX STATION VA 22039-3035,basic,29031,1,
4c0dd3ad,3deplo,str-array,648,2,
4c16ef6d,DRIVE?,loader,3565,2,
4c2594d0,VC2LP,loader,1312,2,
4c2855c1,CALENDER,basic,2413,6,
4c3095b0,misc3+,code,8416,7,
4c37c615,art3,code,10672,2,
4c3fec22,DO,data,1280,1,
4c477b66,AUTOSTART,loader,3619,1,
4c47f420,qrlt,state,49664,2,
4c57b9dd,DEM7,code,4096,2,
4c695cf3,DISKS,loader,12809,1,
4c7a1225,SQUATIMSCR,screen,6912,1,
4c7a1438,Iching,loader,38011,1,
4c81c1f0,secrpt,code,7936,1,
4c82f318,gazete,code,9967,1,
4c859f25,codem,code,1024,4,yes
4c8641e0,DEM19,code,4112,1,
4c8edbdd,DEM62,code,4112,2,
4c966b41,cnsn1,code,4224,1,
4c979b0c,Max,loader,25602,2,
4c988326,FORMAT,code,7559,1,
4c9a700a,spacefix,code,3541,2,
4c9c2e7b,copy,code,1117,1,
4cab2943,clover,basic,1274,3,matched
4cb28bc4,AR,screen,6912,1,
4cb3b6da,showad,code,4057,1,
4cb9f396,uhw129,code,4185,1,
4cbf69d8,BCKGMN,screen,6912,1,
4cc7945d,TYPSTL,font,768,1,
4cc7b9ec,DEM31,code,4137,1,
4ccafdfa,CONVERSION,basic,3336,6,matched
4ccd1ee5,CREATE,code,13426,2,
4cee4bee,fontIII,basic,1310,7,
4cf6b2bf,DEM90,code,4137,1,
4cfe0999,sq,screen,6912,4,
4d07dac5,lapgod,code,49153,1,
4d07e187,DIKTRC,loader,36228,1,
4d13eddd,tasword2,basic,5514,2,
4d25bbe3,M*5,basic,6367,2,
4d27cc54,spider,basic,41781,1,matched
4d32bf29,078601,code,15065,4,
4d34934c,ordfrm,code,4224,1,
4d43ba4d,clone3,code,2637,2,
4d52853f,analyser,basic,1256,9,yes
4d5998b6,COPY 4,loader,772,2,
4d80cfb9,Pg22,str-array,3464,4,
4d811bd6,AUTOSTART,code,5089,1,
4d82ba5f,POD,code,6144,1,
4d95b0b9,copy,code,1092,2,
4d9e7a46,DEM16,code,4137,1,
4da07c4c,USQ,data,10112,1,
4da1d2a7,Taswo,loader,5796,2,
4da45078,blumax,code,49153,1,
4daa3eb8,misc2+,code,7872,7,
4db7167d,manual 1C,code,3000,3,yes
4db96961,RECCAT,code,3923,2,
4dbf9985,GRAPH SHOW,state,49664,2,
4dca76fc,CODEMASTER,basic,29740,3,yes
4dd40d2b,footba,code,49153,1,
4ddc7131,FRAME 3,code,1814,1,
4ddd072b,IM2 utils,basic,4636,3,
4e02d783,QCHART,loader,525,8,
4e224597,REV 4,basic,7470,1,
4e30128c,Squash,basic,5105,1,
4e3165d0,code,code,1826,8,
4e3f8b53,AUTOSTART,code,5062,1,
4e412124,ql-5,code,3904,2,
4e4a8f85,SHUTLE,screen,6912,1,
4e53eb2f,TypaL,basic,15270,1,
4e562369,reader,loader,7021,2,
4e5f1515,MadomBump,state,49664,1,
4e5f5b93,COPY 4,code,4156,6,
4e769c4a,DEM40,code,4096,2,
4e81612d,SCROLLS,basic,3256,4,matched
4e951391,flash!,code,4224,1,matched
4e9514e5,Msp60,code,1863,5,
4e992893,TRANS,loader,1258,2,
4ea1fc4a,SMOKEY,basic,1624,3,matched
4ea99918,sostax,code,3008,2,
4ebeea5a,RACING,basic,1446,3,
4ec5d469,com,code,6937,1,
4ec77c10,Tracks,loader,5025,1,
4ed1522e,icons,code,24064,1,
4ed44b8d,curve,basic,3208,2,yes
4edde061,flag,screen,6912,1,
4ee1e7da,Cricket,basic,7056,4,matched
4ee9627b,memscan,basic,516,7,matched
4eed888e,DEM37,code,4096,2,
4f03ab88,MATH 20,basic,2462,3,
4f0909a9,078901,code,3703,4,
4f1d08c9,WORD PROSS,basic,7754,3,
4f3c94fc,Kong Strikes Back,basic,2937,1,
4f508348,food1+,code,7216,2,
4f51bb58,SOUND,loader,4150,1,matched
4f64c5da,Alt Char,basic,954,5,yes
4f6761bd,patterns,basic,3905,3,matched
4f8ac1d4,HOT Z1,loader,816,1,
4f90e05b,ADAPT,num-array,5508,4,
4f9bf826,DEM2,code,4096,2,
4fa02696,ENDLESSLUV,basic,10179,3,
4fa46dc7,funy7d,code,7449,1,
4fb13101,$demo1,code,21204,2,
4fb40d48,LARKEN DISK UTILITY v1.1,basic,4068,2,
4fb61ce0,BRIEF,loader,5090,1,
4fc173d2,uchima,code,43046,1,
4fc6d206,Pg6,str-array,2808,5,
4fca17ab,KEYWORD,basic,995,3,yes
4fcacb96,move,code,1686,2,
4fcad420,TypGB,code,4648,1,
4fce3ac0,flash,code,4249,1,matched
4fdeb52c,Diet,basic,1516,2,
50030e17,C2TAS,code,6501,1,
50220aed,DEM93,code,4096,4,
5027054d,contnt,code,2299,2,
50279d95,men2+,code,8216,6,
50287534,MODEM753,data,10368,1,
502b6f19,AUTOSTART,code,5114,2,
502e2fac,BATTLESHIP,basic,7597,7,
5030128e,readme,code,3968,1,
503a3f75,D_C,basic,20444,4,
5050c72f,DALLAS,screen,6912,1,
505dc14b,DEM64,code,4112,2,
505f6453,Canada,basic,11614,3,
5061fee3,PC-Printsc,code,1042,4,
5069eca1,incometax1,loader,18676,1,
506ab89a,breako,loader,40156,1,
506e2842,D,screen,6912,2,
5070bc4e,Pro/File 2068,code,25600,1,
50737367,hday3-,code,8929,2,
50765c96,SCREEN,basic,8837,3,matched
507ca8de,copy4,code,384,2,
5084df76,RESTOR,data,896,1,
508b2954,FLIGHT,basic,13806,4,
509f0105,GAMES,loader,15087,1,matched
50a36330,font,font,768,4,
50a563fb,MINUETZ,basic,4908,3,yes
50a83ecf,CbkPcs,code,17577,2,
50b162dc,Select Drive/sides,loader,5509,2,
50b60626,ttt,basic,12228,1,
50bc81d1,QRL,loader,2867,2,
50bcd629,pgn,basic,1257,5,
50c751a6,CSSETLABEL,basic,1626,3,
50c85420,uql/bk,code,4224,1,
50c870ee,misc6-,code,8360,7,
50cf378b,GrafProgs,loader,4614,3,yes
50db7e70,tran2,code,7577,1,
50e1b665,FERARI,screen,6912,1,
50eed956,cat,code,5090,1,
50f51644,first1,code,4249,1,
50fbdc38,FORMAT,code,4199,6,
5103e63c,multid,code,16386,2,
51116ea0,ANFil,basic,5090,1,
511f680a,s8504,code,11803,4,
51293906,flash!,code,4224,1,matched
51397f29,Move,loader,4354,2,
5141ca85,cd6,screen,6912,4,
51441a4a,colnam,code,1689,1,
514afb6f,lock,loader,2021,2,
514d329a,1,str-array,3403,5,
514da76d,ps,screen,6912,4,
5155cac4,block2,code,15296,1,
51627878,uql/bk,code,3584,1,
51627e94,LOADER V,basic,1967,4,matched
516852e4,Improved Disk Label-maker,loader,2211,4,
516b6ff3,MusicBox3,basic,20460,2,yes
516c2417,tss-8,code,3865,1,
5186a67a,DEF FN OR * DEF FN,basic,49664,4,
51879d15,charte,code,8209,4,
518fe36b,Psytron,code,25600,1,
51972fdd,RD#ade,loader,7973,3,
51a644ba,CAULDRON2,screen,6912,1,
51b98689,MOTHER,code,36,3,
51e0a041,I Ching,basic,37272,2,yes
51eb16fb,AUTOSTART,code,4937,1,
51f2b660,HINGE2,code,6144,1,
51f867d1,cd2,code,6937,1,
51fb431f,Hansan,basic,2892,2,yes
520cc72e,DEM25,code,4137,1,
520dde29,MCtips,code,4416,2,
521ba41a,840102,code,13969,2,
5220d0dc,CAD#2,loader,6483,2,
52298be7,mis10d,code,6364,6,
522ae569,DEM80,code,4137,1,
522cbe1a,fix these,basic,1187,3,
5231e1b9,Cursor,basic,228,3,matched
52362b3c,AUTOSTART,loader,3847,2,
52390cc9,WindChimes,basic,1054,3,
523b4352,Flash,basic,4488,4,matched
523fe9a6,DEM11,code,4137,1,
524ea3c2,AUTOSTART,loader,3611,2,
52566ebc,FRESHN,code,2292,6,
525a3364,ql-6*,code,3904,2,
527594e2,FLIGHT,loader,133,2,
5283ff49,DEM43,code,4112,2,
528a318c,soldie,code,49153,1,
52960048,m1,screen,6912,1,
52a8ec68,art1,code,10000,4,
52b42280,ani11d,code,7697,1,
52c3a7e8,LKEBCR,loader,8734,4,
52cabe69,plot,loader,768,1,
52d53813,ArcticExp,basic,7066,5,yes
52d68766,notes,code,1629,1,matched
52d875ec,cnsn2,code,4224,1,
52da2edc,COLTTR,basic,12308,2,
52dc3975,New York,basic,5180,4,
52e5243a,TAPES,code,10148,1,
52e5b56a,usdhwr,code,4249,1,
52eb1206,NVM.doc,code,7660,6,
52ebbb39,RLE Graph,loader,2515,3,
53038055,uhwnov,code,4224,1,
5306ff88,om6400,code,49153,1,
53165656,page8a,code,1728,1,
53208e3b,CML,code,25,2,
5321473e,Sample,code,24064,1,
532e4dc1,color demo,basic,320,2,
53339f59,MMRG,basic,7772,1,
533b08de,men61000ts,code,842,4,
533e10b9,anim2,code,9105,2,
5341e6b2,(untitled),UDG,256,2,
5343dff4,DEM5,code,4112,2,
53553fe5,DEM43,code,4096,2,
53566eee,+carlton,code,4512,2,
53581f68,LOCK,loader,2143,1,
5361c6a9,6,state,49664,1,
5367ff96,Ptest,num-array,5508,4,
5369f1a9,078907,code,3374,4,
5369f8d3,multid,code,1984,2,
537d8e12,DEM33,code,4112,1,
53839eef,cnsn1,code,4224,1,
53905f27,satcom,code,49153,1,
539d827d,Aercopatch,basic,2812,4,yes
53a2f7bc,Pg15,code,3361,1,
53b454b5,THEEND,loader,2258,1,
53b54db4,DEM15,code,4137,1,
53b5c97f,srch,basic,546,4,
53bb5200,The Chessplayer,basic,5067,1,
53da334a,help35,code,3264,1,
53dcc385,BYTPWR,loader,425,1,
53f17f0b,engine,basic,5359,4,
53f6940f,DEM77,code,4112,2,
53f9dc1b,SNAKE,basic,1823,1,matched
53fc3b45,TRANS,code,5872,4,
53fda510,FONT 4,code,2548,1,
5403879c,GHOTI,basic,4247,3,matched
540495a4,058605,code,11027,4,
540ccff1,Sql10,code,265,1,
540d4b4d,cnsn1,code,4224,1,
540f6494,SSP,loader,500,1,
5419c494,MINIBT,basic,1787,3,
5428defc,TAS2PRINT,basic,13530,5,yes
5438abea,MAKER,code,10630,2,
543e56ee,ttype,loader,8014,4,
5442e4c6,DJWDEM_zip,data,112128,1,
5443b724,RNMBR,loader,507,1,
5448ed8e,Pac Man,basic,5906,3,matched
546afecb,SOUND,basic,10075,3,matched
546b7ba9,drwscr,loader,3023,1,
547544f4,BYTPWR,loader,599,1,
5477b52c,DEM52,code,4112,1,
547cb6c4,FirstLdr,basic,895,3,yes
548f7508,nwsp5,code,3948,1,
549c00e1,BOB,loader,129,1,
549d1f0f,INVES/LOAN,basic,14800,3,yes
54ad5a2f,xx,loader,17639,1,
54b0815a,chopin,basic,8300,1,matched
54c597ac,DEM4,code,4112,1,
54c99f1c,com,screen,6912,4,
54d2dd23,steprt,code,3524,1,
54d9d662,cclear,code,29535,4,
54dc1ca3,!edit2,code,1632,4,
54dd5a9c,ani10-,code,7881,1,
550119d7,b4,font,768,1,
550c614d,animator,code,100,2,
551296bf,Advanced Fighter,basic,3247,1,yes
5517b0bc,tychk,basic,639,3,matched
551eff67,picpuzzle,basic,718,3,
55223e77,FIRST 1.0,basic,843,2,
5541ce15,HEAD,code,2204,2,
554b7c59,EPSON,code,25,2,
554efb6b,018701,code,15013,4,
55538932,README,code,704,2,
555f4393,Champion Football,basic,3247,1,
5570edb6,DECISION?,basic,712,2,
55727dab,RAMGUIDE,basic,5896,2,
557435b7,hday3-,code,8904,7,
55841e29,mscript_2,code,9525,2,matched
5584f752,BROTbroERr,basic,784,3,
559243b5,PRO/FILE+5,loader,8319,1,
55b2bf28,2,state,49664,2,
55b453a8,1,state,49664,1,
55b504a4,AK,screen,6912,1,
55ca0a89,funy1,code,8265,1,
55ca5583,SNAKES,basic,1047,3,
55d3c7f2,capitals 2,basic,4019,2,
55dc6d24,SLOTS,basic,5551,6,matched
55df9ac8,GIRL2,code,6144,4,
55e5c3be,misc1+,code,8464,6,
55ea5cef,Comments-Steve Spalding,loader,3292,1,
55fbe51c,TITANI,code,5888,1,
55ff1c18,pc1,code,4249,1,
5609b7e6,studio,screen,6912,1,
560e3dee,RELOCT,basic,1364,1,
56173d0f,blaster,basic,3303,3,
561b7328,RENAME,loader,5008,3,
561ed2d7,$COLORS,code,1813,2,
56203cfb,XMODEM,loader,748,1,
56273794,DEM22,code,4137,1,
564f1fb1,TRANS,code,7180,2,
564ffb48,FCLEAN,loader,999,3,
56562886,BOMBER,basic,6468,2,yes
56635edf,T/SN92,loader,27934,1,
56755399,HAMMERDIAL,loader,2809,3,yes
567880bc,Q-BERT,basic,9893,3,
567bf587,Qbert,code,25600,1,matched
568a13b6,TypaL,basic,13556,1,
569bb231,Word + 5,basic,2858,1,
56aa62d4,Invaders,state,49664,2,matched
56c7476e,pp,screen,6912,4,
56db3acb,10,code,6937,1,
56dbefce,AUTOSTART,code,5062,1,
56fd080c,format,code,1369,1,
5708a755,TONE PHONE,basic,1610,3,
5711d726,Day 91,basic,1870,6,
571b5306,95,code,4233,1,
572405dd,saboteur,state,49664,2,
5728718c,SHELL,basic,1358,1,
572ac750,SPACEWAR,basic,8984,3,
57335618,move,code,1711,1,
57335d2f,DEM73,code,4096,2,
57394783,pangolins,basic,2221,3,yes
576819cf,ctas,code,12925,4,
576ad070,mis15d,code,6903,2,
579bd746,CASH pt1,basic,2090,3,
57a12ccc,ISTUGNAMES,basic,37814,1,
57a28563,TRANSL,basic,2866,1,
57a49b09,skull,code,281,1,
57a5f571,15085,code,15085,4,
57b6d63a,3CHARS,code,2314,4,
57b9ddbb,DEL,data,2048,1,
57c158de,HFC/2068,basic,24388,2,yes
57c38163,PmodE,str-array,245,2,
57d64579,tsh-2,code,3904,1,
57d871a8,kitchaos,basic,8709,4,
57e0ae1a,PAGE 2,basic,6649,1,
57e50032,tinyboard,basic,30428,6,matched
57eb44fb,blaster,basic,3303,4,
57efb199,johnny,code,43046,1,
57f1854e,outlin,font,768,1,
57f7c58e,uql/bk,code,4224,1,
57f9758a,st,loader,413,6,
58201141,128401,code,11530,4,
58377849,ted D,screen,6912,7,
583a7155,DEM25,code,4096,2,
584d2de8,P. sizer C,code,1500,3,
58515be1,talkclockC,code,6000,3,
585169d2,XMODEM,loader,692,3,
585b2ef1,TechDraw,state,49664,2,
586577e2,macro1,screen,6912,8,
586ae457,Cribbage,basic,24861,3,matched
587cd8a3,cnsn1,code,4249,1,
58849c55,ch1,code,6272,2,
58876211,TRKSID,code,1169,1,
588ae012,face6,code,8881,2,
5895261f,Village,basic,3547,3,
58995a92,FTRKSD,loader,4781,3,
58a5e6d1,Spec-Golf,basic,17031,4,yes
58a8a5a0,A,UDG,256,1,
58a91106,COMMAND,basic,539,3,
58ab8787,CLEARR,code,59,4,
58ad9f04,+picabold,code,3522,2,
58bc330b,BJ,basic,17932,4,
58c95aa2,fclean,code,807,2,
58cd36f6,DEM92,code,4112,2,
58d37abb,ctas,loader,6173,4,
58d81392,20,code,4933,1,
58fbd9ab,no8502,code,12656,4,
59024c07,DEM56,code,4137,1,
59293058,SCROLLS,basic,1367,3,matched
592ab34d,exp2,loader,1945,1,
593744c8,beatlesrle,code,1890,3,
593923e9,841201,code,11531,2,
5943af21,6,str-array,3858,2,
5946e8f8,DASC01,screen,6912,4,
59483453,MOONPHASE,basic,841,3,yes
594c1e51,me 1st,code,4249,1,
594fde13,ClrBok,code,2000,2,
5950adc5,BIO,basic,6449,3,
5959374e,CROSS,screen,6912,1,
59623e3f,d3,font,768,1,
5964710f,Charsets3,loader,508,2,
598f21ba,xx,screen,6912,1,
599682da,xmas4,code,8217,1,
5996bc89,BS2TXT,loader,1421,2,
599da6b7,24,code,5283,1,
59ae32e8,macro,basic,2283,5,
59c95346,dsknam,code,1049,1,
59d0228a,TAPE/ANALY,basic,1140,3,yes
59d1891e,flash1,code,4249,1,
59dbc970,AUTOSTART,code,5114,1,
59e65a40,face4-,code,9688,7,
59efe0b6,musica,basic,16148,1,
5a23b9b6,tran3,code,25,2,
5a25221d,CHESS,loader,154,1,matched
5a282a26,BS2TXT,loader,878,2,
5a37c9e8,mis24-,code,8369,1,
5a467f78,LISSAJOUS,basic,490,3,yes
5a4f26c7,Life M/C,code,410,3,
5a55c9ad,HOT Z1,code,18461,1,
5a59008f,COPY 4,code,4156,6,
5a6c46c0,Pg3,code,4929,1,
5a7a0a09,see,basic,175,4,
5a7e736e,invasn,code,43046,1,
5a82f33b,bluedanube,basic,21843,4,
5a9c46b9,CHAR,basic,7052,4,
5aa5cb33,charsets3C,code,2304,5,
5aab1c15,CARDMAKER,state,49664,2,
5ab108cf,Pitcher,basic,5107,3,
5ace69be,misc1,code,8489,2,
5ad4fe72,picpuzzleC,code,16002,3,
5ad96039,GLASSWALLS,basic,1719,3,matched
5ae34d65,3Doxo,basic,4211,3,yes
5aefc1cf,!head,code,4092,4,
5af7ff99,pinball,state,49664,2,matched
5afa6b11,ABS FOURTH,state,49664,1,
5b028376,DEM1,code,4137,1,
5b08e5b8,musics,basic,14909,1,
5b0f1a3f,088401,code,12386,4,
5b1486ef,CIDS,basic,26370,2,
5b159956,DRIVE?,loader,3461,3,
5b1c760d,messiah,basic,3272,4,matched
5b248def,cassverify,basic,373,2,
5b27acd1,fo5,code,3644,1,
5b379553,MAX,screen,6912,2,
5b3b35ca,windows,basic,3044,4,
5b3ddd28,BOLD,basic,502,3,
5b41a28f,flight,code,32767,2,
5b527bf6,voicechess,state,49664,2,matched
5b5bd6bb,KNIGHT,state,49664,2,
5b5ea95d,LEAKING,basic,1692,3,yes
5b64dddb,LOTTO,basic,2332,6,matched
5b6659aa,pumkin,code,281,1,
5b6b9d14,explor,loader,41782,1,
5b7c47be,FSHARK,loader,302,1,
5b7dc189,DOSDEX,basic,5094,6,
5b889682,048301,code,5494,4,
5ba025bc,Yatch Race,basic,530,1,
5ba086ab,uhw060,code,4224,1,
5ba28068,mis31,code,7721,1,
5bad134a,ghw-6,code,3904,1,
5bad98d3,WUMPUS,loader,10156,1,matched
5bb70d12,artcode,code,30672,4,
5bbbe629,erase,loader,2772,4,
5bdad2e5,dcodeio1,code,2000,2,
5be022ac,098802,code,10546,8,
5be66f22,vcC?,code,6208,1,
5bf79c64,Music Desi,state,49664,2,
5c03a4bf,hot z,basic,5796,1,matched
5c0e71a0,EMAIL_TXT,data,5544,1,
5c1f6399,help49,code,5056,4,
5c22c142,TS 2068 MENU,basic,1867,1,
5c3019b5,RELOCATE,basic,909,3,matched
5c37a089,TSWORX.OB,code,21751,3,
5c3c9727,DEM17,code,4096,2,
5c41babf,The Disk Manager,basic,702,2,
5c547e03,DEM9,code,4096,2,
5c5aabec,-MS-TAS-,loader,2885,4,
5c5af12a,mincod,code,3642,1,
5c5bd757,HAT,basic,804,1,
5c5ffddb,STOCKS,basic,6872,3,
5c68d51e,ADRS,loader,27932,1,
5c82725e,histo1,code,7744,4,
5c8e2775,rebels,code,49153,1,
5c90eefe,File 8,code,24064,4,
5c947702,mscript5.5,code,3273,3,
5c9704e2,13,code,5983,1,
5c997207,M5,code,6392,1,
5c9e305c,TICTAK,loader,5650,1,
5cb3aba9,DEM20,code,4137,1,
5cb8a932,basicprint,basic,454,7,
5cc77af3,SARAHJ,screen,6912,2,
5ccb8b2c,PARK,basic,7361,2,
5cd70131,hrsbgy,code,6144,1,
5cd753c3,SpecrtaMon,basic,11703,3,
5cdbe908,pp,screen,6912,1,
5d0f9325,funy5+,code,7992,4,
5d23e929,banal,code,921,1,
5d2abdce,PIXELP,loader,2368,1,
5d3ddae1,BATLSHIP,basic,5575,2,
5d49b779,CRSTY3,code,19584,1,
5d4b8bae,formulary,basic,7544,4,matched
5d523459,*bldgs,code,4541,2,
5d60fdb4,Shrink,basic,5397,2,yes
5d83a249,ztermcod,code,16384,4,
5d858017,RLENCD,loader,2580,1,
5d877c41,CLENUP,loader,1155,2,
5d887e5e,MScript,loader,86,5,matched
5d8b9f77,BUDGET,basic,8074,2,yes
5d9b04f0,usw020,code,4249,1,
5da4c025,Block 4,basic,351,2,
5db12811,flash,code,4249,1,matched
5db2fddc,01607,code,1607,2,
5db51335,Axis Char With Bars,basic,439,1,
5dc2c15c,mis17+,code,8152,6,
5dc6a432,Block 18,unknown,12,2,
5dc96eb2,Tasword II,basic,121,1,matched
5dd63f1b,038302,code,8033,4,
5dd86103,docto1,code,19200,2,
5de48703,ju8401,code,12656,4,
5de99465,GERENA,screen,6912,1,
5df3ffb8,ElizaC,code,1120,3,
5dfa4e69,TRAIN,basic,2306,4,matched
5dfe6c88,consgn,code,4224,1,
5e004f0c,tran2,code,7577,2,
5e0bbe71,edit3,code,24064,1,
5e39a0f1,THIEF,loader,997,3,
5e3c5e76,File 3,code,25600,2,
5e3c8352,xfr,code,5090,1,
5e3db333,uqlbk,code,4249,1,
5e4ced13,hday4,code,8633,2,
5e4f7757,sprt3,code,8057,1,
5e61bbdf,fed1.rle,code,6144,2,
5e669e82,P. sizer,basic,5096,3,
5e70d8c4,CARD,code,31402,2,
5e733ff2,cnsn3,code,4224,1,
5e79123f,841103,code,12228,2,
5e7ab5f7,MAZOGS,basic,12875,4,matched
5e7b1411,cnsn,code,3609,1,
5e7f62e7,InterPolat,basic,1543,3,
5e8029c6,ROBOT,basic,5566,3,matched
5e8d4eba,clone,state,49664,6,matched
5e925595,men7d,code,7137,2,
5e97e02f,018801,code,8416,4,
5ea374c7,ART 2.27,loader,14986,5,yes
5ea52263,COPYII,code,3736,6,
5ea70e50,LARGE CHAR,basic,689,3,yes
5eadb272,fomat,code,8921,1,
5eb0bc35,MYSMANOR,basic,11603,3,
5ebbb910,SPY,basic,5126,1,
5ec3f2ea,batty,code,43046,1,
5ec72e2b,hi res,code,5120,1,
5ed2b205,Scrabble,state,49664,2,matched
5ede89e2,STAR,loader,261,1,
5ef8ccf0,repp,loader,1685,5,
5efe7a69,048504,code,8564,4,
5f09c62c,MUSIC ROYA,state,49664,2,
5f0daa92,labelmkr C,code,1080,3,yes
5f10e48c,RONSTD,screen,6912,1,
5f127804,catprint,basic,543,3,
5f15cd5d,SKETCHER,basic,20560,3,
5f1d184f,058901,code,3869,4,
5f27666f,RENUMBER,basic,723,10,matched
5f2ed0b6,work simul,basic,4691,3,
5f358ec1,Sound Pro,basic,11789,3,matched
5f4b1417,clue v2,basic,22347,3,
5f715270,Sql8,str-array,2406,4,
5f722d4d,GRAFI2,loader,742,2,
5f7234f7,uqlbk,code,4249,1,
5f7b25d7,AUTOSTART,loader,3634,2,
5f85ec04,6,code,7033,1,
5f886b1b,forwar,code,2430,2,
5f92af27,MD,loader,583,2,
5f9aa859,DEM1,code,4096,2,
5fa8ec83,UNDPCH,code,25,2,
5fac4176,Cat's game,basic,3561,1,
5fae29d2,QRLMST,loader,2826,1,
5fb0f431,CLS,code,1108,1,
5fb49db1,bujJb,code,8320,2,
5fc02cca,mis21-,code,7905,1,
5fc22d8d,TASWOR,loader,5843,3,
5fc96bdf,DFM ABC,basic,5669,1,
5fe471c2,paint,code,417,1,
5fe6fc76,STOPIT,loader,1045,1,
5feceb66, ,data,1,1,
5feeb59f,Xlate.DOC,code,5000,2,yes
5feec1e9,PP 3.1main,loader,2367,1,
5ff4a2ea,WORDSQR 2,basic,2670,3,
5ffc2ea0,Pg24,code,5633,1,
5fff6e93,see,code,200,1,
6003934e,tss-18,code,3712,1,
6015a016,tools code,code,3789,2,
601d9e23,TASWORDD2,state,49664,1,
602e52e3,108401,code,14904,4,
604766e8,usw050,code,4249,1,
605010f9,boot,code,1472,2,
605e956c,3SCR,screen,6912,2,
6064af66,3,str-array,4208,4,
60731e7f,FRECH 1,basic,1306,3,yes
6097231e,ordfrm,code,4249,1,
609be2fe,nws2n9,code,4224,2,
60b04b4b,64col,code,800,7,
60c21593,erase,basic,2677,2,
60cab13f,TTT,code,9971,1,
60d359ed,scramble,code,7155,1,matched
60e05bd1,For The MAC,data,64,1,
60eb10f4,HOT Z1,loader,936,1,
60f16d8b,villager2,state,49664,3,
60f1f533,GIRL24,code,6144,1,
60fa8fbe,DEM50,code,4096,2,
610286e8,wmen3,code,6977,1,
610c9530,draw,code,19008,1,
61135dfe,flash,code,4249,1,matched
6125907c,GYP10X,code,15320,1,
612f246c,FAIRLT,loader,212,1,
612fc0f3,SpaceGame,basic,2235,3,
6131d0ac,thanku,code,1536,1,
6132c24d,serial,code,474,1,
613d33d9,fortress,basic,4386,2,yes
6157f3f8,hday2+,code,8784,2,
61581683,VERT-RITE,basic,4206,3,
61665da9,heart,code,281,1,
61973e87,rlencd,code,605,4,
619d9e2c,JGRANT,screen,6912,1,
61a0c941,hitech,font,768,1,
61a2f796,Dta2,str-array,6354,4,
61a66254,CIRCLE_Z,num-array,5505,4,
61a6b182,variables,basic,500,2,yes
61af4526,PLNTF,basic,11288,3,yes
61b00312,TypGB,loader,4422,1,
61b9acf3,BIT7OFF,data,512,1,
61d0a976,COPY 3,loader,649,3,
61e0fcda,CAD,loader,22325,2,
61e7967e,FORTRESS,basic,5214,4,matched
61eaaeb0,cnsn3,code,4224,1,
61eb32e4,TUNEBX,loader,210,1,
61f14efe,FAIRFAX STATION VA 22039-3035,basic,29015,1,
61f1c976,Tech Draw,state,49664,2,matched
61f5302b,BLKJCK,loader,4460,1,
61f6df62,AE,screen,6912,1,
62022560,me 1st,code,4224,1,
6202a5c2,CONST,basic,13735,3,
621831bc,WARD,basic,3937,1,
621db054,mis29+,code,7552,6,
62272ddc,Stat.Anal.,loader,25137,4,
622c764e,8,code,4583,1,
62316cb9,REM,basic,3815,8,
62395ba3,clone6,code,2170,6,
62410bd7,13,str-array,868,1,
624795f4,uql/bk,code,4224,1,
62483b29,BASICpiano,basic,5523,4,
6249da5c,upload2000,code,1500,2,
624bbe96,l5,UDG,256,2,
624fd323,<TasC,code,60,2,
625b1839,flash!,code,4224,1,matched
625bbef8,vcC,code,6233,1,
627dc3ad,xmas1-,code,8384,5,
6288618f,ramrp,code,4928,1,
62aa42fb,ql-6,code,3929,1,
62b8df13,readme,code,4160,2,
62b986b3,Move,loader,4723,3,
62c0e8ec,t3,str-array,5608,4,
62c42bcf,sprt5-,code,7737,1,
62c6b780,DEM61,code,4137,1,
62c77f9a,paint,code,1822,1,
62ca6f32,lunati,code,49153,1,
62e0e9b3,DEM24,code,4096,2,
62e27486,DEM64,code,4137,1,
62e5c045,7+MNU,loader,3718,2,
62e9557e,minuetz C,code,3642,3,
62e979ce,WM2,code,11606,2,
62ee2fb0,Squash 1,basic,680,2,
62f10b04,TOWERS,loader,573,1,matched
62f89a0f,GRID_BE,basic,1477,4,
630a3846,BIORYTHMS,basic,2111,4,
630ea6bc,face1+,code,9080,7,
6318a15f,ARTWORX,screen,6912,3,matched
631b8543,ptr,code,6937,1,
632428d1,Pg61,str-array,4104,4,
63428859,NOAA,basic,7707,3,yes
634c115f,clone,basic,38827,2,matched
635c6848,BOMBER,basic,3748,3,matched
635f51e4,GRID9X V.2,basic,1399,3,
6366f6fd,DEM19,code,4137,1,
6384c1fd,GRAPHIC,basic,710,2,matched
638dc772,1,str-array,5258,1,
6394c07d,feast,basic,13298,2,
639648d8,head reade,basic,1649,6,yes
63980869,HOT Z2,code,24575,2,
639b9afb,*house,code,5062,2,
639bab6d,Sql5,code,6330,1,
639e1da8,4,code,4233,1,
63aa6534,Uptr,loader,7532,2,
63adccef,et,code,49153,1,
63b1d9e0,PARROT,loader,1161,1,
63bf4735,capitals 2,basic,4019,1,
63bf846b,newusr,code,2048,1,
63d8081c,PAC MAN,basic,5656,3,yes
63defc5e,TypaL,code,3376,1,
63e539fe,voicechess,basic,149,2,matched
63e79468,exp3,code,30000,3,
63edd8ac,funy6,code,9193,1,
63f3d67c,TypGB,basic,6297,1,
64103d0d,DEM75,code,4112,2,
641c14b6,JPP_zip,data,129024,2,
642c2ae4,6,str-array,6308,1,
64420e16,Diamond Ma,state,49664,2,
6442e043,ql-5,code,3929,2,
64442e2f,autodial,loader,2042,2,yes
64493f19,RLE Picture Program,code,25600,1,
644f85e6,SIGN,loader,17811,3,
645e84db,DW/DH,basic,1302,4,
6462c987,Chomper,basic,7842,4,matched
647beb35,cpr,screen,6912,4,
6494d57d,dc,code,29911,1,
64a49e9e,TSIMON,screen,6912,1,
64b0947e,KEYWORD,loader,3817,4,matched
64b171f0,Loader V - 1985 by K.A.Casby,loader,1811,2,
64b3458f,MSCRIP,code,3247,1,
64b44d92,uqlbk,code,4249,1,
64b582c0,CIPHER,loader,1067,1,
64ba2a45,LogonA,code,320,3,
64c33b57,Pg80,code,2753,1,
64c3ff55,HANOI,basic,2958,3,yes
64d2a2fb,DEM69,code,4112,2,
64d3ef0a,mike07,code,8448,1,
64e254c9,MultiTaskC,code,2560,3,yes
64e65500,10,code,7033,1,
64fc83c7,F1040-87 2,basic,30069,2,yes
6519bb2b,FASTF,loader,710,3,
651e3773,l16,UDG,256,2,
652bffa1,funy2+,code,7608,2,
652cf59d,clone4,code,2541,2,
65361564,BANNER,loader,839,2,matched
65361f1a,men3d,code,11404,1,
6537447b,calendar C,code,2464,11,yes
653f556a,page9a,code,1600,1,
6545a8fa,OldEng C,code,3808,7,
654ea1f9,inc trac pos or switch sides,loader,4671,3,
6553be78,LUNAR LAND,basic,3052,2,yes
6570d1e4,bulls&cowT,code,2268,3,
658b7963,colorshow,basic,579,2,yes
658d347f,Penetrator,code,25600,1,matched
6596fab3,CONFUSION,basic,2752,3,matched
65983276,AUTOSTART,code,5089,1,
659ae6dc,PixelPrint,basic,1502,1,matched
659bfff4,men3d,code,11429,2,
65a07840,DRUG,loader,8128,1,
65ad4aa4,exit,screen,6912,4,
65b2b8dc,POETRY,basic,3034,2,yes
65b48bd7,Pmacro,loader,2458,4,
65dd44da,1,state,49664,2,
65ed2cbf,STACK,basic,1852,3,
65ee84e9,Chancery,font,768,5,yes
65eea005,WINK,code,25,2,
65f47409,Patterns*4,basic,4056,3,yes
65f95ed6,SPRITE,loader,12493,1,matched
660e61c2,Dragster,basic,13124,3,yes
6612e146,KLADI,basic,239,6,
66173abc,ann,code,14750,4,
6617e63e,CAD_BE,loader,21898,4,
66200846,mis19,code,7177,2,
66245a9b,CLS,loader,925,1,
662cebbd,turtlegrph,code,7886,4,
662fb394,Head Over Heels,basic,3069,1,
66466e45,villag,font,768,2,
66493c62,*birds,code,3619,2,
664aee5e,LOCKOUT,data,896,1,
666ea09c,flash!,code,3904,1,matched
667a9b9a,CLENUP,code,1180,1,
66986c25,WRITTEN BY KRIS BOISVERT,basic,3221,3,
66a4ce5e,DEM29,code,4112,2,
66a86898,DEM27,code,4112,2,
66b19e3f,cassverify,code,386,1,
66b3749c,uqlbk,code,4249,1,
66d78337,PARK,basic,7361,4,
66d8a41b,RLEMST,loader,819,1,
66db58d4,GUNNER,basic,2159,3,matched
66e4177c,TSTK P2.6,basic,451,3,yes
66e9a2e6,AUTOSTART,code,10180,1,
66f2eca1,tsh-4,code,3929,1,
66f3d287,VCALC,loader,1945,2,
670205eb,squirm,basic,12806,1,matched
670ca46e,renumber,basic,1081,2,matched
67104d61,LABLEPRINT,loader,3008,3,yes
67150d49,108401,code,11528,4,
671b9c0d,artstu,basic,41512,2,
6720006f,bubble,screen,6912,1,
6721d3f7,hday5-,code,8649,2,
672e3bcf,recbad,code,1625,2,
67349c95,LOADing...,basic,879,1,
6738ae2b,fanaly,code,1561,1,
673c939a,GOLF,basic,1037,8,yes
6744f61d,SuperBowl,state,49664,1,
6757f9d0,mscript503,code,10025,2,
6759e7ca,funy6,code,25,1,
677c1fe9,funy4-,code,8809,2,
677ccf59,Tower Hano,state,49664,2,
67810f54,POETRY2,basic,3198,3,yes
678758fb,+impressn,code,3495,2,
678e27da,cv,screen,6912,5,
678e7b0b,hel102,code,3200,1,
67947056,magic,basic,1395,2,
67aa0750,PAGE 2,basic,6649,2,
67adcf4e,Evergreen..by Joan Kealy,loader,3292,1,
67b47658,DEM69,code,4096,2,
67c7b703,engli3,code,1152,1,
67ca818b,Prog Inst,state,49664,2,
67ccb53a,READERROR,basic,1845,4,
67cd21ad,+m3,code,912,2,
67d06d6e,Monster,state,49664,1,matched
67d6781c,cnsn,code,3865,1,
67dbc27a,d1,font,768,1,
67de921a,Mterm: PCP Atlanta-Newark,code,24064,1,
67e260a9,saddlecos1,code,30000,3,
67fc1518,QCHART,code,25766,1,
67fdc5e1,ZPTEST,loader,5679,2,
6804ed5d,CIRCLE,code,5533,1,
680543cf,"loader for MOONBASE, STARLING, ASSAULT, EXPANSION",loader,1049,1,
68066c35,DEM73,code,4112,2,
68077026,MR1BTcode,code,67,3,
680c27b2,XSUB,data,768,1,
6811fca8,uql/bk,code,4096,1,
6813efb1,sheep dog,basic,7762,4,
68190ab5,pc291,code,4224,1,
681e3dce,wmen2,code,7441,2,
682f8a38,px,basic,1710,5,
6831aa3e,ICONS1,code,27887,2,
6832ee87,Invaders,basic,6391,2,yes
6846e0af,wmen2+,code,7416,1,
684a5eba,LARKEN ELECTRONICS,loader,1586,2,
6859bb9a,nws52,code,4249,1,
685d169c,galery,basic,3471,2,
6875e12b,!type,code,5081,4,
687ae1fe,misc8+,code,8976,1,
687c5fbb,TTT,basic,5090,1,
687fcd0f,DEM85,code,4096,4,
689c947e,10,screen,6912,4,
68a31eb7,TypGB,loader,4598,2,
68a9c9c2,consgn,code,4224,1,
68b1a872,Sql7,code,3551,1,
68b41226,flash,code,4249,1,matched
68bd2222,SP Forth,basic,157,3,
68c54a6d,LOADER,code,904,1,
68ca2bda,Attack,basic,7130,5,yes
68cfc4ca,DEM12,code,4096,2,
68dffbc3,KNIGHT,loader,6937,1,
68e68964,SCRAMBLE7,basic,876,1,
68f0bc3d,funy1,code,8265,2,
68f68637,edit5,code,24064,1,
68fc52f4,illumi,code,18671,1,
69031743,DEM33,code,4112,2,
6903ae8c,Pg50,code,4353,1,
690808e4,budget,code,25923,2,
6910b30b,ROBOT,state,49664,2,matched
691bd193,3,state,49664,1,
6931523e,chessm,code,27122,1,
6933fb8f,20tons,basic,6837,3,yes
695291aa,3occup,str-array,648,2,
6959b273,Paranoid,basic,8502,2,matched
6966e6a5,rommel,code,49153,1,
6981b0fb,nws2n5,code,4224,1,
6983cf0b,uql/bk,code,4224,1,
6985d654,test1,code,49153,1,
69872b63,sortword2,basic,1758,4,
698d9f71,P,code,12946,2,
6997300c,SHOW$,loader,1128,1,
699a211f,ZXPERT,code,13618,1,
69be2782,doodlejoy,basic,869,3,matched
69c64748,DEM44,code,4096,2,
69c81574,2,str-array,4208,2,
69c938b1,men2+,code,8216,1,
69caaefd,zendos,loader,41782,1,
69d01dce,Magic,basic,1435,3,yes
69dc559e,ROMREVENGE,state,49664,2,
69e2fb5a,Cats&Truks,basic,1698,2,
69e3726a,nws2n3,code,4249,1,
69e91301,TIGER,code,6144,1,
69f591ae,Vari Trace,basic,791,2,yes
69f87152,cnsn1,code,4224,1,
6a083a79,zombies,basic,3027,2,matched
6a24c399,bujJ3,code,11200,2,
6a2b4da0,cassverify,basic,364,2,
6a3af0c2,AJ,screen,6912,1,
6a3f5c3d,cpr,screen,6912,1,
6a46f5ea,DRAW,basic,15835,3,yes
6a4deb75,prog 11,basic,594,2,
6a505ed0,DEM86,code,4096,4,
6a63afbb,tools code,code,3789,2,
6a65fdb6,mis15d,code,6903,1,
6a70e02b,tasprint,basic,12434,3,yes
6a73b144,big,basic,2781,4,
6a758d7d,TAPE-TAPE,state,49664,2,
6a779f9b,LKEBCR,loader,13660,4,
6a7bfa97,consgn,code,4249,1,
6a93c1f4,830602,code,9088,2,
6ab4d75a,file4,code,3262,1,
6ab57b4d,15,code,6937,1,
6ab9683a,SYNX,basic,778,4,
6abc39e9,l11,UDG,256,2,
6ac42269,wreath,code,281,1,
6acf1f67,DEM51,code,4112,2,
6ad02308,-data,code,3104,2,
6ad6cbed,STOKVALU,loader,2768,2,
6adcee5f,MUSD05,code,49153,2,
6add1458,Z80V201B_zip,data,82944,1,
6adfdd9a,short2,code,49153,1,
6aed2565,fm,screen,6912,2,
6af6bdb5,PCICONS2,code,30959,6,
6af6e583,NTN1,screen,6912,1,
6af722c6,COLNAM,code,4519,2,
6b017fdb,uhw020,code,4224,1,
6b11c24e,file3,code,3203,1,
6b174cfc,TASWOR,loader,5841,1,
6b1eef87,QRL,loader,2728,1,
6b2441d8,Type Style,basic,2055,8,yes
6b25250c,DEM69,code,4112,1,
6b4c7512,budget,basic,24554,2,
6b50f32e,PROFILE,loader,8542,4,matched
6b677388,gotos,screen,6912,3,
6b84def5,COPYII,code,3736,6,
6b878809,BOX,basic,1619,3,
6b8fb419,DEM88,code,4137,1,
6b95adef,sascom,code,49153,1,
6b9700eb,anim9,code,8657,1,
6baff6ec,hprint,loader,1789,2,
6bc14ae7,NMI-F,loader,1001,2,
6bc4ac06,DEM37,code,4112,1,
6bdb9250,inpt,code,5090,1,
6bf9dc5a,sshine,code,281,1,
6bfb4e89,Hcode,code,2000,2,
6c0806b9,clenup,code,1029,1,
6c1246a4,PIXEL-O,basic,7477,3,yes
6c1f680b,comp2+,code,5096,4,
6c23a4af,AUTOSTART,code,5089,1,
6c30dbbd,GRAFIX,loader,1165,1,matched
6c38efd4,mikes,code,8473,1,
6c432d75,PAWS,basic,8391,3,
6c44c3f5,olt,code,2368,1,
6c44da5e,colnam,code,1397,2,
6c49aa67,brookshlds,screen,6912,2,
6c4bddd0,santa,code,281,1,matched
6c4d291f,mis23-,code,8833,2,
6c4e9782,CNSTRX,loader,239,1,
6c51898c,DEM23,code,4096,2,
6c5d9537,AUTOSTART,basic,5089,2,yes
6c6a98dd,AUTOSTART,code,5089,1,
6c6d0ad2,*jack,code,8370,2,
6c74813c,mantro,screen,6912,1,
6c74ba03,mike03,code,4249,1,
6c7bed23,tss-16,code,3737,1,
6c8924d5,DEM36,code,4096,2,
6c94108e,*veh2,code,5004,2,
6cac8ea9,ZOMBIES IN,basic,2407,1,
6cb3c813,gyrosc,loader,100,1,
6cbeab9f,v4#86,code,12259,4,
6ccabdcf,L,code,20500,2,
6cd010a9,tips10,code,3328,2,
6cd50111,face3+,code,9168,7,
6cdb4667,Pg15,str-array,3336,5,
6ce93111,LISTS,basic,6384,3,matched
6ce9ed29,SMARTEXT,basic,5060,8,
6cea16f8,Xrated.rle,code,4352,2,
6cea78b2,ql-4,code,3712,1,
6d01c242,HARM_I,code,13824,1,
6d0235e8,DEM47,code,4096,2,
6d097819,olicopy,code,524,1,
6d0b7bfa,docto1,code,19008,4,
6d1841de,face8d,code,7385,1,
6d356456,softwa,screen,6912,1,
6d59b219,Quanta1_zip,data,72192,2,
6d5b41c1,Sql6,code,2063,1,
6d644f05,mis14d,code,6087,1,
6d656460,vera,code,205,1,
6d8636de,simply,basic,25450,1,
6d901ecb,WEEKS,screen,6912,1,
6d91972d,DEM62,code,4096,2,
6d9e609a,highlow,basic,6792,3,
6da4fac7,xmastree.G,UDG,256,5,yes
6da51cba,ANTHEM,basic,3016,5,yes
6da9148f,DEM40,code,4137,1,
6dab48e3,Lotto,basic,1757,7,matched
6dac8ead,d5,font,768,1,
6dada66f,DIAL,code,2499,1,
6db00779,ART2,screen,6912,2,
6dc3cae9,CbkPcs,code,17577,2,
6dd73cb4,STRPBJ,loader,2304,3,
6ddd7fc2,spread,basic,2855,2,
6decc684,cd3,code,6937,1,
6df2771f,hday1,code,8601,1,
6dffea5f,notes,code,1604,2,matched
6e089fd0,TAPE SCHED,basic,1004,3,
6e0d09de,LARKEN ELECTRONICS,loader,523,1,
6e150220,SHOOTER,state,49664,2,matched
6e2488b5,PIRATE 7B,state,49664,2,
6e2dfecf,"Games, 3",basic,3834,3,yes
6e2e8eda,SPECTATR_zip,data,72192,1,
6e2f7bc8,inf-1,code,3904,1,
6e31c3a7,COPYII,code,808,1,
6e3ec1c2,tomaha,screen,6912,2,
6e4dddef,mis12+,code,8504,7,
6e51fe91,BROOKE,code,18666,3,
6e66f090,funy7d,code,7449,1,
6e6f8d28,SF-COBRA,screen,6912,1,
6e70f1ba,PCICONS1,code,30959,6,
6e76d670,S,screen,6912,1,
6e8e5f30,MIRROR,basic,584,2,yes
6e911f3a,cnsn3,code,4224,1,
6eb27664,NUMBER,basic,1925,3,yes
6eb5996e,FALLOUT,basic,2570,4,matched
6ebc26d5,Mpg51,code,5875,1,
6ec2f635,1942,loader,1295,1,
6ee332e3,uhwmar,code,4249,1,
6ee81ecf,AUTOSTART,loader,3761,5,
6eee4c35,QUICK,loader,793,2,
6ef340ee,DEM70,code,4112,1,
6ef8a93f,DEM51,code,4137,1,
6ef9ae88,mis32,code,8049,2,
6efb4548,accounting,loader,16013,4,
6f00b7d9,Index 2,basic,35840,1,matched
6f06fd98,flash!,code,4224,1,matched
6f463300,CORRECTOR,basic,1655,3,
6f5142b6,*misc6,code,6803,2,
6f59d5bb,DEM50,code,4096,2,
6f5b7f37,SANTA DIL,basic,6215,1,
6f5e3b90,058401,code,13698,4,
6f660c42,CFG_zip,data,1536,1,
6f72ee6a,FRTRSS,loader,12827,1,
6f7e60fd,qchart,loader,18254,8,
6f989fc7,face2-,code,9072,7,
6fa2e193,Btls,basic,14929,6,yes
6fa7fb4a,face6,code,8881,1,
6fb1e4aa,iching,basic,37271,2,
6fb48a3c,MS5.5,basic,3244,1,
6fd86a43,DEM61,code,4112,1,
6fdabc2c,*maps2,code,3926,2,
6fdadfb0,sprt1+,code,8264,2,
6fdd3abe,TRANS,loader,1140,2,
6fe6effc,ordfm,code,4160,8,
6ff18fe2,GYPSY1,basic,9247,1,
6ff45221,olicopy,basic,481,2,
700c2119,Realestate,basic,3672,2,yes
7013359a,MORSETUTOR,basic,10240,2,
7021b4d2,wmen3,code,6977,2,
7025eeb7,Bomb Jacks,basic,2970,1,
702b9760,SHOW2,code,35000,1,
702d8c79,Drop Block,basic,5929,2,yes
702f7baf,INIT,code,2410,2,
70449ad8,format,code,1159,2,
7046decb,ZPE 1,loader,2522,1,
704ef679,Pg80,str-array,2728,4,
7051e917,SOCTAX,loader,2100,2,
705a2a8f,SS,basic,1344,3,
705bc6a4,Sketchpad,basic,5075,1,
706ed395,taswi,code,3940,1,
708ce9c1,Maze,basic,8765,3,
709729b2,LINK 4,basic,5282,3,
70a249c3,Black Box,basic,3440,3,
70a65f7f,CREATOR,basic,745,2,
70a8dbb0,kbK bP channels!,basic,37777,1,
70bfd449,show,loader,516,1,
70c24ce4,sinewave,basic,282,1,matched
70c4ad90,PCICONS4,code,30959,1,
70ca41bd,rampar,code,49153,1,
70d89c63,32col,loader,1149,4,
70db25bf,AUTOSTART,loader,3619,1,
70ef420a,snug,code,7136,3,
70fb3179,colordemos,basic,2315,3,
71006438,ZX Centi,basic,280,2,yes
710069fd,toybiz,basic,41782,1,
71132de5,AUTOSTART,loader,3611,3,
7117a4d9,JLO DFMdoc,code,9606,6,
7124cdb5,xx,screen,6912,8,
712a0e03,ql-1*,code,3456,2,
7134cc00,RECCAT,code,1184,1,
713a6534,ArtIntel,basic,15322,2,yes
713ecd20,64column C,code,306,3,yes
7141085d,tss-12,code,3904,1,
714b770b,AUTOSTART,code,5089,1,
71589154,BORDR3,code,354,1,
715befde,biglettrsC,code,2048,3,
71605b8d,Blasteroid,state,49664,2,
71610ef4,GPGP,basic,5466,3,yes
7164bc87,ts2068,screen,6912,1,
7166360d,SATURN,screen,6912,2,
7182f437,copy2,code,1600,2,
718726c0,SNAKE,basic,1564,3,matched
71878148,ztalk,code,6000,1,
7194ea7a,COPYII,code,3736,6,
7199147d,WRITTEN BY KRIS BOISVERT,basic,3049,3,
71a65b95,ghw-8,code,3904,1,
71babb51,DEM15,code,4096,2,
71be7f2d,beatle,basic,16559,1,
71c0e429,doctor,loader,14576,2,
71d52b93,CLEARR,code,84,2,
71dbdaee,$tldemo2,code,3487,2,
71e91895,dayton,code,18368,2,
71ec972b,head,code,732,2,
71f836a0,PIXEL PRIN,state,49664,1,
71f9b9a3,anim2+,code,9080,5,
7204b97c,cd2,screen,6912,1,
7205cb46,cake,code,281,1,
720b1400,pt,loader,188,6,
72169dc1,GAMES,loader,13872,1,matched
723b7d8e,misc4+,code,7248,1,
723d84dc,misc7-,code,8552,6,
723fd669,TUT-2,loader,11475,1,
724524fb,gyrosc,code,41471,1,
724d7eb2,ZXPERT ZXD,state,49664,1,
72565e91,studio1,basic,915,1,
725c77c7,om2,code,8193,1,
7262d9ac,028506,code,14850,4,
72674df9,4,state,49664,1,
7269dd4f,SIEGLE,code,6144,2,
726e1536,GETSYS,data,384,1,
727a08f9,88JF3pgs,code,8417,2,
72844b88,PC-Draw sd,loader,1065,4,
7289926e,File0+2,basic,3071,2,matched
728a07aa,PIXELPRINT,basic,2070,2,matched
729459cf,help,code,9472,2,
7297fc3c,DEM32,code,4112,2,
72b8787b,MOCOD,code,5420,1,
72c3ad76,KEEPER,loader,917,2,
72d5f817,DEM43,code,4096,2,
72e2dbab,CONVERSION,basic,4818,3,matched
72ec1f04,ql-7,code,3904,1,
72f64fb1,GULPMN,loader,234,1,
73027029,ERASE,code,5010,2,
731f2685,DEM68,code,4112,1,
733a758c,cbkldr,basic,2343,2,
73402bbf,IRISHLUK S,screen,6912,7,
73472a5b,planet,loader,11027,1,
7348083f,cleft,code,281,1,
734bad78,manusc,font,768,1,
73588c6c,blumax,screen,6912,1,
736362f0,BANNER,basic,2943,6,matched
736defd1,FCLEAN,loader,2903,3,
73711832,DEM63,code,4096,2,
737c31a4,Sql2,code,3350,1,
73873ef1,RECOVR,loader,5064,3,
738dd8cb,DEM56,code,4096,2,
7391a0f9,easytype,basic,5611,2,matched
7397318f,DEM22,code,4112,2,
739d8efe,LANDER FIX,basic,10904,3,yes
73aa2e85,hday4+,code,8608,6,
73bb95e9,QUICK,code,13760,4,
73c27053,cnsn1,code,4249,1,
73c6eff6,Mzrt,basic,7674,2,
73d20b1d,RADLOADER,state,49664,2,
73e4360f,DISASM,loader,9982,1,
73f1a01e,DEM26,code,4137,1,
73fb112b,DEM56,code,4096,2,
74000496,ghw-5,code,3929,1,
740f22f4,Tank,basic,4931,1,
7412b99d,mis12,code,8529,2,
7416838e,chessc,screen,6912,2,matched
741aa0b3,mscript5.5,code,10000,4,
742259df,anim3,code,8617,1,
742fc248,HELP! HELP! HELP!,basic,3247,1,
743163e5,page5,code,7616,1,
7436ffa2,chrtup,code,2931,4,
74387d4a,ANY-BASE,basic,907,5,yes
7441bce0,tictactoe,basic,9165,4,
744966d8,fclean,code,1049,1,
7455edc8,LSCODE,code,750,1,
745a357e,thief,code,844,1,
74722145,118804,code,3941,4,
7484ecd3,pingpo,screen,6912,1,
7492f603,qm,screen,6912,2,
749589c4,PPFONTSG10,basic,5040,3,
74975328,C Balls,basic,3776,2,
74aa3a73,DEM55,code,4112,1,
74b55128,nws1n4,code,4249,1,
74c9da8a,DEM42,code,4096,2,
74e1e39f,DEM58,code,4096,2,
7503d693,840501,code,13699,2,
750b42b9,AUTOSTART,code,5089,1,
750beef1,vu-3d,state,49664,4,matched
7516b685,038501,code,7298,4,
751ac6ef,MILION,basic,5019,1,
751fd046,B&C,basic,1124,3,yes
75274774,misc2,code,7897,2,
752bd0bd,ja8602,code,10438,8,
753283dc,DEM6,code,4096,2,
75383d59,PROTAS,basic,5423,2,
753a809b,DAYTON,code,2688,2,
753f4b64,patterns C,code,7956,3,
75406415,TUTOR,loader,37571,1,
7543da8d,DEM5,code,4096,2,
7546aea5,CHORDIZE,basic,9791,4,matched
754ede45,mis13-,code,7945,2,
7556d173,RLE,loader,215,2,
75614394,PokingTS-2,code,3953,2,
75672b31,DATAGEN,basic,5783,3,yes
756b3692,me 1st,code,4224,1,
757fbf42,FILE0+,basic,2652,7,matched
7584e2f9,TRAIN,basic,2040,3,matched
7586286d,qrlt,code,400,5,
7588934c,SmpleGraph,basic,2082,3,
75932c11,MscriptC,code,9600,1,
7594ac6a,PHOTO,code,7702,2,
75a4e20f,Block 51,unknown,1797,1,
75a6ac14,budgetD,code,652,2,
75ae6af8,line,screen,6912,8,
75ae7fb3,WAVES,basic,4245,3,
75b91ac4,cnsgn1,code,4160,1,
75bb0b13,tasword>PP,code,1700,2,
75d73a1d,clover,basic,1398,4,matched
75e4307b,twtmld,screen,6912,1,
75e59b40,shade,code,112,4,
75e64156,DATING,loader,16150,1,
75eec7d1,inc trac pos or switch sides,loader,4491,6,
75f2868e,ordfm,code,4249,1,
75f529f9,2068 month,basic,1952,4,yes
760e11d7,TIPS-N-Z,loader,29391,4,matched
761c1447,sounds,basic,2152,3,
761d4bf1,MSDOS,code,5017,1,
76260c12,uql/bk,code,4224,1,
764973a3,headscan,basic,1250,4,matched
76499c69,JUMPER,basic,1513,3,yes
764b6f09,ttt,loader,12182,1,
764c00f3,BARCHART,basic,1009,3,matched
76530668,DEM21,code,4112,2,
7659f460,BRKOUT,code,5090,1,
767c0cb3,Chopin,basic,7702,6,yes
767e820e,builder,basic,1692,4,
76894955,pchess,code,43046,1,
768b8b47,tran5-,code,7857,1,
769ee6c3,HANGMAN,basic,1058,3,matched
76b40088,prog 2,basic,373,2,yes
76bb09ef,VIDEO SEL,basic,960,3,
76bfc08f,ENTER Program Choice,basic,3249,1,
76c237c5,WGAMES,loader,14363,1,
76ca5d0d,DEM10,code,4112,2,
76d1e58f,PRINT,loader,487,1,
76de3e66,uhw080,code,4249,1,
76e0ea36,Char lttrC,code,2304,3,
76e42d96,MEMOTEXT V34KAE,basic,13846,2,
76e46212,cd6,screen,6912,1,
76e98d54,fina-1,code,3042,1,
76e9be2a,TRACER,basic,3223,3,matched
76ee16b6,tss-14,code,3865,1,
76eeee99,bio pt1 C,font,768,5,
76efbf0c,tran3+,code,6312,4,
76f35a98,3D WORDS,basic,7663,4,matched
76f371bc,LABELS,code,6441,2,
76f890f2,ftrksd,code,417,2,
77022d67,ZXWORXs.OB,code,10240,1,
770d36ed,BEAR,code,6144,1,
770dff7e,BOLLING,basic,1397,3,
7714a01d,MScript Intro-4,basic,4976,1,
7714e2b7,FORMAT,code,4199,6,
77199c26,menu,code,60047,1,
772446b6,wizbal,code,49153,1,
772b233c,Tasp50,code,1856,5,
77405634,PIRANHA,basic,6030,1,
7740f8e4,DEM22,code,4112,1,
7753f8e1,Pg24,str-array,5608,4,
77547352,chessdoc C,code,1100,3,
77673c19,messge,code,8320,1,
776ecfe0,micr,font,768,1,
776fe389,scanner C,code,291,3,
7775f258,sketcher D,code,80,3,
77788409,MUSICP,loader,1118,1,
777ae594,DEM13,code,4112,2,
77878c71,DEM54,code,4096,2,
778c9c51,DOSDEX MGR,loader,6015,6,
779a2955,BIORHYTHM,basic,13773,4,matched
779ca497,eschere,basic,2495,4,
77a01af3,300BAUD,data,256,1,
77a79795,VC2TAS,loader,1369,11,
77b140e8,CHR TEST,basic,1622,3,
77b97ec3,HARM_B,code,12166,1,
77ce2e3e,BUDGET,basic,986,2,
77dd6ed8,EQUATIONS,basic,753,3,matched
77e8125a,checkbal52,basic,2849,4,
77ea2a29,tashlp,code,18713,2,
77eddcb5,01809,code,1809,2,
77f38184,AUTOSTART,basic,7551,1,yes
7803f43d,concat,UDG,256,2,
782f6168,ngtgnr,code,1044,2,
785e14a8,uhw070,code,4249,1,
788418be,help,code,704,1,
788d3451,mis16d,code,6525,2,
789110d2,toolkit1 C,code,1330,3,
7896d1cd,LEADER,basic,899,6,
78a0e562,MPD,basic,15109,4,
78ac9fd6,turboql,code,5760,1,
78bd089e,VuFILE,code,6336,2,
78c1f3f7,s8508,code,12674,4,
78c27745,TASWOR,loader,5808,5,
78d2dfd8,TTT,basic,9946,1,
78ebfc95,018501,code,8291,4,
78ec8de3,wmen3+,code,6952,6,
78ee22d2,QLHD_zip,data,132096,1,
78f84a3a,flight,screen,6912,2,
7901966c,3-D FUNCT,basic,2073,3,yes
79249859,flash,code,4249,1,matched
7926846f,Improved Disk Label-maker,loader,2252,2,
792cc284,box,basic,1637,4,
792da678,*xmas1,code,14846,2,
7931eb10,WORX.SC,screen,6912,1,
7931fc50,Pg1,str-array,3360,17,
7936957c,otln,loader,1564,4,
793d8691,clone3,code,2612,6,
794517bb,ttype,loader,7731,4,
794e5cfc,s8509,code,2724,4,
79530c45,casscopy,code,694,1,
795410d9,AUTOSTART,loader,3612,4,
7976e143,paris,screen,6912,1,
797dafa5,M.Code Tutor 26-35,code,25600,1,
797df9ba,mis27,code,7369,2,
7987c202,FORMAT,code,1317,1,
7989fb94,EINSTN,screen,6912,1,
798d91a4,T/SN94,loader,37870,2,
7998363c,casino,screen,6912,1,matched
799ad3c0,DSK2TP,loader,1048,1,
799db9c8,!save,code,156,4,
79a1c88a,rsload C,screen,6912,3,
79a5d226,On Your Ma,basic,1874,2,yes
79b400dd,circuit,basic,7218,4,
79b79cb8,RENUMBER,basic,730,3,matched
79bc95bc,DISKS,loader,12795,1,
79c2f8a4,TypLC,basic,8628,1,
79c723b9,spec44,code,11155,3,
79c9b430,058801,code,10879,4,
79d65b21,draw,code,35400,1,
79dbbd08,CLRPAD,loader,784,1,
79e6f518,help,code,9497,1,
79e72cee,*zoo,code,4285,2,
79ebd338,*misc1,code,15848,1,
79f4c822,+olde,code,4179,2,
79f53305,DEM58,code,4112,1,
79f88cb6,zebpad,code,18,2,
7a01588b,CONNER,screen,6912,1,
7a037621,FIRST,code,41042,2,
7a079fff,rocket,screen,6912,1,matched
7a10166b,hooksZ,code,9984,1,
7a12e561,KWCODE,code,400,4,
7a1c16fb,pg,screen,6912,4,
7a1d7b4e,editor TC,code,3011,1,
7a3688e9,GRNTPK,screen,6912,1,
7a3a851d,CLS,code,1108,1,
7a40c577,ade2a,num-array,5508,6,
7a706f7c,DEM49,code,4112,1,
7a747820,tasword,code,10751,2,
7a8729f8,face8d,code,7385,2,
7a89053e,cnsn1,code,4249,1,
7a911606,DEM71,code,4096,2,
7aa19c43,jewstar.G,UDG,256,5,yes
7aa6a843,snugpdl,code,3840,1,
7aa9f302,BEATLES,basic,12649,3,matched
7aaae856,DEM58,code,4096,2,
7ab748bd,SABER WULF,state,49664,2,
7ab874df,ALGEBRA,basic,637,4,
7ac27f44,DEM61,code,4096,2,
7acca4ef,ttt,code,12253,1,
7ad21520,vc,code,5235,2,
7adf1ecb,DEM12,code,4096,2,
7af2ad8c,chkdsk,code,537,1,
7af38d9d,ngtgnr,code,49153,2,
7af803b1,tomaha,code,4990,1,
7afadf6a,pwrdrift,state,49664,2,
7afe9462,1,str-array,3565,2,
7aff91a1,THEEND,loader,690,1,
7b16f256,UDGs,code,168,2,
7b17b8b2,disass,code,8512,2,
7b17c487,ffresh,code,512,2,
7b1b76ee,DEM35,code,4112,1,
7b1b8dbe,!border1,font,768,6,yes
7b1dec15,pam.rle,code,13117,2,
7b1e62b0,mcedit,basic,260,4,matched
7b29665f,wmen1,code,8153,1,
7b40ffff,zodi1-,code,7241,2,
7b43e3a3,Specturm,basic,1961,1,
7b4c67d7,Santa,basic,14810,2,matched
7b616faa,HARM_C,code,12180,1,
7b622a32,108402,code,12355,4,
7b62e637,tss-13,code,3712,1,
7b63ef97,uswnov,code,4249,1,
7b66c435,MorseCode,basic,2795,2,yes
7b7390a2,longha,font,768,1,
7b787aeb,POOL,loader,126,1,
7b867f35,mscript5.5,code,10000,2,
7b88ece5,CIRCUIT,basic,5866,3,
7b9b63e7,roadru,code,49153,1,
7b9f15e6,m,code,37410,2,
7ba3139e,AUTOSTART,code,4912,5,
7baa18b0,AUTOSTART,loader,3824,1,
7bacbfd7,+script,code,5259,2,
7bae6205,PixelPrnt,basic,1816,3,yes
7bb06df4,nws2n5,code,4224,1,
7bb7c5e3,ordfm,code,4249,4,
7bcf6201,me 1st,code,4224,1,
7bd48445,bridge,state,49664,2,matched
7bd7fab0,3,state,49664,1,
7bdabe98,PRNTSCRN32,basic,441,3,
7be093d7,Copy entire Disk '2',loader,5011,2,
7bea9053,casscopy,code,654,1,
7bee5f38,DEM18,code,4137,1,
7bf11345,copy4,code,251,2,
7bf18103,hangcat,basic,1490,3,matched
7bf8f94b,PP 2.0 C,screen,6912,4,
7bf907f7,840801,code,12387,2,
7bfeabe8,shuttl,loader,21052,1,
7c00ea3e,HI HZ2 4.0/4K/B,code,13638,2,
7c05aa99,nwbaby,code,7296,2,
7c0a7305,HOT Z 1.9L,state,49664,1,matched
7c24fffc,GRAphics,basic,1369,3,matched
7c2892ce,DEM7,code,4112,1,
7c29d022,GRAPH SHOW,basic,35670,2,
7c45b2bb,DEM9,code,4112,2,
7c498562,DEM35,code,4137,1,
7c56198a,fdzx sados,code,8735,2,
7c5e8467,HTRACK,loader,606,1,
7c60311a,SNOWMAN,state,49664,2,
7c6fc536,OPAS,code,6144,1,
7c737036,DEM67,code,4112,2,
7c78e350,Demo,loader,7056,2,
7c8ea38d,CONFIG,loader,15143,2,
7c9232dc,mscripzebr,state,49664,2,
7ca7c1f8,QRL,loader,2916,1,
7cd3a2b9,Bricks,basic,4161,3,
7ce588c4,CRYPTO,basic,1805,3,matched
7ce943d3,DEM86,code,4112,2,
7ced917c,pp 3.1-D,code,11800,4,
7cff1342,SCRAMBLE.DOC,data,1490,1,matched
7d090055,C68d3_zip,data,33792,1,
7d20cf17,ordfrm,code,4249,1,
7d2f4de2,PART I,code,17280,1,
7d30450e,INTERE,loader,4577,1,
7d3402db,pumkin.G,UDG,256,5,yes
7d375074,george,code,1600,1,
7d3d684e,clenup,code,1004,2,
7d3f210b,flash!,code,4224,1,matched
7d4cd952,explain-z,basic,526,3,
7d54c8db,NEW YORK,basic,4000,3,yes
7d60b6a8,tape lable,basic,2854,2,
7d6404b2,ql-6,code,3929,1,
7d672680,Capitals 2,loader,4092,1,
7d6a3ccb,AUTOSTART,loader,3611,3,
7d6a4924,Tasl1,code,8320,4,
7d6feb90,HELP! HELP! HELP!,loader,2477,1,
7d7d3201,1,state,49664,2,
7d8879b2,misc5-,code,8160,1,
7d97c42d,PAINTsinc,basic,9077,3,yes
7da3e2b8,Pg21,code,3361,1,
7dae7a0c,olicopy,code,524,1,
7db138ba,5x5,font,768,1,
7dd1f0f4,empire,screen,6912,1,
7dd53d69,twc,code,10751,2,
7dd850f2,spider,code,8850,1,matched
7df3a7a7,DEM16,code,4096,2,
7df8c447,tas,code,12925,2,
7dfc7e25,checkers,basic,4999,3,matched
7dfe20c4,PROGRAM SELECTION MENU,loader,4042,1,
7dfe41ec,inc trac pos or switch sides,loader,4671,1,
7e00ba4f,DISASSY,basic,5277,3,yes
7e0e9e48,shieldsscr,screen,6912,4,
7e128158,GENER,str-array,9928,1,
7e1a6a2d,HELP! HELP! HELP!,loader,2463,1,
7e39145a,ICON-C,code,1562,2,
7e3b809b,DEM64,code,4096,2,
7e43b414,SHOW$,loader,989,1,
7e465e8b,contnt,code,2457,1,
7e4de1aa,ordfrm,code,4224,1,
7e55d28a,Minuet,loader,7098,1,
7e566b34,histo2,code,8768,4,
7e593363,CIRCLE_Z,num-array,5505,4,
7e5a3a32,larkcopy,code,666,1,
7e60a918,FNYFCS,loader,234,1,
7e61770d,HUMORISQ,loader,4243,1,matched
7e65edbe,2,state,49664,1,
7e676940,ICON-L,loader,2325,1,
7e6cc436,AUTOSTART,basic,5424,4,yes
7e7f8f12,FONT 2,code,34444,1,
7e8ca4a2,6,str-array,1918,1,
7ea109f5,earth,basic,2052,3,matched
7ea123bc,AUTOSTART,loader,3824,1,
7ecdccaf,WESPPP,basic,5313,4,
7ed4b353,REPAIR,loader,6873,2,
7ede4eea,misc4,code,7273,1,
7ee10dd3,DRIVE?,loader,3565,2,
7ef068e8,pacman,code,49153,1,
7ef1aaf2,DRIVE?,loader,3565,4,
7f011498,villag,loader,110,1,
7f078c19,l9,UDG,256,2,
7f099d46,14,code,4233,1,
7f1db87e,nws1n4,code,4224,1,
7f20f670,banal,code,744,1,
7f25c074,doorway,basic,1225,4,matched
7f33f649,AUTOSTART,code,5089,1,
7f40181d,ud1/91,code,3456,2,
7f49d039,page8b,code,2624,1,
7f4c1e32,MOCOD,code,5420,1,
7f4ce4d5,tashlp,code,18713,2,
7f5119aa,starsh,basic,41653,1,
7f518742,ja8603,code,14507,4,
7f5ec114,Move,code,1000,6,
7f6be9c3,flash!,code,4224,1,matched
7f6ed989,Pg33,code,3617,1,
7f7a1874,Dragster C,code,14950,3,
7fa10625,AUTOSTART,code,5089,1,
7fa64c04,sailing.G,UDG,256,5,yes
7facb066,repp,code,1695,1,
7facfcdd,GULPMAN,basic,133,3,yes
7fb3211c,my8602,code,7225,8,
7fbe4c99,PC-DRAW,loader,138,8,matched
7fcad0cf,erase,code,1497,1,
7fcf01b1,TypLC,code,6789,1,
7fd032b1,TRACE,loader,793,1,matched
7fd3c900,flash!,code,4224,2,matched
7fd7e276,eye2,code,1300,4,
7fddf309,128 COLOR,basic,604,3,yes
7fe75696,printdump,code,11170,2,
7ff46db2,vu-3d,code,34815,8,matched
7ff98447,me 1st,code,4249,1,
80018ec4,Mathte,loader,3200,1,
800bace0,casscopy,code,694,1,
80122c18,HOT Z1,loader,1005,1,
801bc112,sprt3b,code,6000,1,
80206682,COVERGRAPH,code,6466,1,
802901ff,platoon,state,49664,2,
803440ec,tips doc,code,7707,6,
803c0677,TW2000,code,9889,1,
80434ffd,$C2TAS,loader,608,2,
80435632,readme,code,4224,1,
80536360,DROPABLOCK,basic,5372,3,yes
8053a127,DEM28,code,4096,2,
8058d8b1,Decathalon day 1,basic,5052,1,
8081f950,PERF,code,3960,2,
80827873,DEM56,code,4112,1,
808757cf,nws5#2,code,4224,1,
808b0e71,SPRAYMANIA,state,49664,1,
8094f386,sts,screen,6912,4,
809c1cc1,alignment,basic,1621,3,yes
80ae6e52,COLTTR,code,12333,1,
80bf9569,WHITELIGHT,state,49664,1,
80d3ecd7,cnsn1,code,4224,2,
80eb6257,msc55,code,10025,1,
80fe01cd,PROTEC,basic,10180,1,
81057199,841003,code,12356,2,
8107b36c,Hungray Horace,basic,3936,1,
81178e33,058906,code,3496,4,
811cacac,Search,basic,2084,3,
811f8811,BANNER,loader,7629,3,matched
81346204,PP-ICON-D,basic,916,4,
81354f4c,KEEPER,code,7959,2,
814366ce,sea raider,basic,1142,3,matched
8149c231,sts,code,3644,1,
814b092e,AP,screen,6912,1,
815639b6,Horace Goes Skiing,code,25600,1,
8163ee20,uhw090,code,4224,2,
81662712,DEM76,code,4137,1,
816960f7,help10,code,5248,1,
81716bfd,DISA Z,basic,9533,3,yes
81772e4a,LITSHW,code,1520,1,
81864451,hel100,code,5760,1,
81a18aea,DEM66,code,4112,2,
81a6d1eb,TRKSID,code,3993,6,
81abd714,CAD#5BE,basic,6349,4,
81ac3ff3,Move,code,25,1,
81b37f64,+dingbats,code,5382,2,
81cbe90d,Paradox,basic,1082,3,
81d49837,MAGNIFY,basic,2161,3,yes
81df90fa,COLIST,code,13682,1,
81e01969,ERASE_FILE,basic,334,6,
81e1016c,schematic,basic,12262,2,
81e1bf2d,TURIST,basic,10170,1,
81ecccc6,READ_ME,basic,318,1,
81f0f2c3,sprt3c,code,6000,1,
81fa05c6,BORDR2,code,365,1,
820a2cc1,GRAVEYARD,basic,2234,3,yes
8215712b,118402,code,12226,4,
82194306,RELOAD,loader,737,2,
821ac75e,ROLL OVER,basic,670,2,yes
82336ea2,0,basic,5235,4,yes
8245a862,EBCODE,code,1636,2,
8245b0fc,T/PI PADS,basic,4988,3,
82486957,aercobbdos,code,4290,2,
824a5a4e,FANALY,loader,1305,3,
824b3591,CRIBIJ,loader,20317,4,
824fc462,reader,loader,6893,2,
825dc468,nws3n7,code,4224,1,
82642e4b,CHANCERY,font,768,8,
82645b7a,1,str-array,4908,4,
826d69e8,janice,basic,5215,2,yes
82763e99,dlanmc,code,14976,4,
8282433c,DRIVE?,loader,3556,6,
828a58b8,SORCERY,state,49664,1,
82901cfa,AUTOSTART,code,5089,1,
829fd0d8,Pg4,code,2895,1,
82a69402,CONFIG,loader,15186,2,
82a85a77,Trem*Vibr,basic,486,2,
82ac011a,mis11+,code,7720,6,
82bf3b1a,ANALYST.r,code,7702,1,
82f0c514,vc,code,5235,1,
82f405fd,sinewave,basic,282,1,matched
82fc67dd,probabilit,code,1928,2,
82ffb1cf,Hcode,code,2000,2,
83068f13,olicopy,basic,486,2,
830e1ada,a1,font,768,1,
8313c5c0,*cats,code,12162,2,
83152b36,mis14d,code,6062,7,
83175564,ARBOR,basic,14994,1,
8321f5de,DEV-Assem,basic,13792,3,yes
8322354e,studio,basic,960,2,
832bfef4,HANG-MAN,basic,12501,2,matched
832f8cfd,PPFP#1SG10,basic,5458,1,
8331fa58,*maps3,code,4371,2,
83373363,bbs.doc,code,14143,6,
8342701d,cat,code,140,3,
834bbceb,3X3 CHAR,state,49664,2,
834dd884,consgn,code,4249,1,
83545f74,PRCODE,code,1111,1,
83581956,egg jstk,basic,3948,3,
835b4123,$LDTRACK,code,175,2,
835c2644,CHECKDISK,basic,1507,4,
83618e50,CHKDSK,code,2884,2,
8362356f,DOS,loader,10030,1,
836726ff,*CONCIRCUS,state,49664,1,
837eaebf,PS/GE,code,15500,4,
837f2082,Pipeline,basic,15673,4,matched
8381f9c7,AUTOSTART,basic,5089,2,yes
8390d675,ml,loader,2634,1,
83a373c6,MENAG,basic,5056,1,
83a969a1,DEM44,code,4112,2,
83b7780a,B9*,basic,18496,3,yes
83c03d4e,uhw010,code,3673,1,
83c11cdf,Post Mania,basic,20384,2,yes
83c8ee3b,$demo2,code,17975,4,
83d321a9,LOCK,loader,2041,2,
83d343e5,robot,state,49664,2,matched
83daf4c5,DEM1,code,4112,2,
83e876c9,ZXPERT TST,state,49664,2,
83ed70e0,fm,basic,5548,1,
83f27650,8,state,46080,1,
83f3dd3d,SWGRDI,loader,12810,1,
8402c19b,cnsn1,code,4249,1,
841c8f6b,kbK bP channels!,basic,37770,1,
842e77aa,SCREEN,code,3276,2,matched
843f5594,Pinball,code,25600,1,matched
8440ec2b,MusicBox1,basic,26677,2,yes
8444ed8b,DFM ABC,basic,5702,1,
84490a10,HELP! HELP! HELP!,basic,3247,1,
844d810e,TRKSID,code,3993,6,
844f327a,uhw090,code,4249,1,
8454f9a3,DEM17,code,4096,2,
8457e9fa,tasldc,loader,5635,2,
845e4982,PS/GE,loader,14998,2,
84652529,Xlate.TSX,code,640,2,yes
846d1522,recbad,code,1650,1,
8477470d,IBMDSK_zip,data,1536,1,
847be5ae,TS2068,screen,6912,2,
84955fc1,DEM23,code,4112,2,
849850c7,DEMO,basic,2978,2,
84987252,compass,basic,23399,4,
84a11fcc,841104,code,11530,2,
84a354bb,music,basic,758,4,matched
84ab8236,see,code,5090,1,
84ae908b,seagod.rle,code,6144,2,
84d12f10,fo5,screen,6912,2,
84da509c,13,str-array,5958,4,
84db5b78,MScript version 5,basic,5117,1,
84dd6728,planet,code,37680,2,
84e39c7f,INTFC,loader,8698,1,
84e7458d,labels,loader,1467,2,
84ed28af,ARTSTU,loader,571,2,
84ed3716,gift.G,UDG,256,5,yes
84eed485,cd8,screen,6912,4,
84f72a16,vars,basic,1348,1,
84ffd47c,078905,code,3195,4,
8503c1e1,misc8+,code,8976,6,
8506cbc3,15,screen,6912,4,
850e8390,DEM8,code,4137,1,
8510957f,DROP-OUT,basic,1132,3,yes
851856b2,DEM78,code,4137,1,
851c2f87,FONT 1,code,5292,1,
8521cb98,SAMFOX,screen,6912,1,
85449864,Udbm,loader,23353,1,
8547e45c,SORT,loader,1224,6,
855122f4,kbK bP channels!,basic,37770,1,
8563a6db,CardDesign,basic,19033,4,
85712ab0,Checkbook,state,49664,2,matched
85718ed3,AUTOSTART,code,5089,1,
857a09b1,STOCK,loader,5332,2,
85892d9e,file1,code,5540,1,
858b17b1,copy,code,1305,1,
8598ea96,MENUFS,basic,651,2,
859dfa3d,DEM65,code,4096,2,
85a1d292,DEM50,code,4112,1,
85a69d1f,SECONDS,basic,2362,3,
85bd9ee8,rambo1,code,49153,1,
85d977e6,wantad,code,512,2,
85e3e7db,bluedanube,basic,19158,3,
85e47197,fractals,loader,14295,3,yes
85e79320,QUEST&ANSW,basic,1742,3,
85e9c066,taswordl-o,basic,5884,2,
85efe26a,DEM15,code,4112,2,
85f4d96c,patch,code,18432,1,
85f7cdd5,musico,loader,24723,1,
85f9aa9a,usw040,code,4249,1,
85fa9a69,9600BAUD,data,256,1,
8604071d,artstu,screen,6912,4,
861d4fcc,DRIVE?,loader,3419,4,
86216243,$chancery,code,1536,4,
862191ba,Designer,basic,3185,2,yes
862be360,ql-2*,code,3840,2,
862f866d,64col,basic,1523,6,yes
8641ad1d,GRAFIX4,code,7492,7,
864534bc,HcodeF,code,2000,2,
8648769c,BGDATA,code,8710,1,
865301ce,UNIFIL,loader,33970,1,
865b560e,BORDR4,code,354,1,
866d0b67,AUTOSTART,code,5089,1,
866d6d85,1,state,49664,1,
86745873,TRANS 85/5,state,49664,2,
867e81dd,MONROE,screen,6912,1,
86883372,pdware,code,4249,1,
868db7f6,ICON-L,loader,2412,1,
86aa86a4,mscript5.5,code,10025,1,
86bae0ae,Falcon Patrol II,loader,2520,1,
86bdb85a,LEAF,code,6144,1,
86c0dc21,oct89,code,4224,1,
86cc80fa,L,code,3581,3,
86f11b27,usrpgm,code,829,1,
86f4bbae,Flying Formula,basic,3247,1,
86f51c0d,Tspg53,code,3225,1,
87005cd5,KEEPER,code,6992,4,
870438cc,DEM1,code,4096,2,
870dce6d,DEM13,code,4096,2,
870efbbb,Tennis,basic,7392,4,matched
87133caa,om2,basic,44,2,
8720ccce,anagrams,basic,2075,2,yes
87248c87,tasprint C,code,1230,3,yes
873423b8,+uniclight,code,2139,2,
873c56b3,Press Your Choice...,loader,560,4,
8750bc14,pp-icon-cC,code,1562,4,
87533a94,DISKS,loader,12809,1,
8757ccf4,copy4,code,409,1,
87614cb1,ordfm,code,4185,6,
8771bd99,FFRESH,code,2905,2,
87866c42,AUTOSTART,code,5062,1,
87904614,s8505,code,6425,4,
879b6044,Music Demonstration,basic,3990,1,
879d5c0e,DEM6,code,4112,1,
87ad5620,chrlib,code,452,1,
87afbe35,ql-6,code,3929,1,
87bae73d,poking,code,3954,4,
87d1518d,Contrate,basic,2971,3,
87d71689,keys3,loader,6106,4,
87e91666,LABEL,loader,899,2,
87f05266,Tremolo,basic,348,2,
87f52822,Cdbse,loader,1806,5,
883a46d2,fo,basic,680,1,
883b4c59,CLS,loader,962,1,
884e4185,DEM93,code,4137,1,
885e2441,tb,code,7972,1,
88690b3c,PAGE 1,basic,7083,2,
8869e96c,usw050,code,4249,1,
887c9aff,bold,basic,351,2,yes
88867b3a,1942,screen,6912,1,
889ecb10,INTFC_BE,basic,12182,4,
88a1d61a,3D TTT,basic,7458,3,yes
88aa6943,sn8401,code,5058,4,
88ce17ac,sketchpad,basic,827,2,
88d3b3ad,olympu,basic,41464,1,
88de7e4e,SQARE,basic,2022,3,
88e477ea,fshark,code,49153,1,
88e874b2,hday5-,code,8649,1,
88ee6bd5,casscopy,basic,647,2,
88f8e6a5,GPIX,UDG,256,4,yes
89066c44,TAPE LABLE,basic,2701,4,
890b4f65,miche4,code,6144,2,
890d2b17,ADV-CREAT,state,49664,1,
892f308e,Eliminate,basic,1060,1,
893f276d,DEM65,code,4137,1,
89437b82,Nato Alert,basic,2880,1,
89448b6f,GRAVEYARD2,basic,2243,7,yes
8950e0cf,<TasB,code,60,2,
895f207b,ICNPKG,loader,1510,1,
897293d9,ADRS,loader,27932,2,
8975beec,Trig+graph,basic,4881,3,yes
8987638c,TTT,basic,12988,1,
8988ecec,DFM ABC,basic,5933,6,
89907dc4,SC,basic,995,2,
899269be,freshn,code,961,2,
89991e76,Nessie,basic,3040,2,
899a60f0,DEM5,code,4112,1,
899e0e8e,README.BZ Printed Circuits.,loader,4550,4,
89a0f336,cass3a,code,7168,1,
89b67257,ART4,code,6937,1,
89c1c6df,aquamc,code,33587,2,
89c83fff,flash!,code,4224,1,matched
89d082c0,HANGMAN,basic,6275,3,yes
89d63a3b,!slide,code,316,4,
89d95fce,soupro,basic,12022,1,
89db5a14,see,code,365,1,
89ed6108,AUTOSTART,code,5114,1,
89f1d1ae,Santa,basic,5091,1,matched
89f26eba,ade3,code,5533,1,
89f338cf,*HANGON,state,49664,1,
89f63c5f,tasword 2C,code,24064,3,yes
8a03f59b,MERCRY,screen,6912,2,
8a0ae967,GRAPHSHOW,basic,35669,2,
8a119948,SIGN,code,37467,1,
8a1557dc,HELP! HELP! HELP!,basic,3222,1,
8a1dc01f,prt,screen,6912,4,
8a1f3b59,12,str-array,5958,4,
8a20df1f,1941: War In The East,basic,4990,1,yes
8a29add4,MTERM2,code,9978,1,
8a3159b4,BB,screen,6912,2,
8a3720cc,HR,screen,6912,1,
8a383fc6,albrec,code,1472,2,
8a3da224,taspak,code,417,2,
8a42339d,MULTID,loader,1004,1,
8a4ad713,certificat,basic,1547,3,
8a4c619c,ordfrm,code,4185,1,
8a70d703,flash,code,4249,1,matched
8a8ad0be,Wd pzls*2,basic,4213,3,
8a8d9cfd,LETTER,loader,558,2,
8a97e12b,TOOLKIT,loader,5061,4,matched
8a9abd64,DEM36,code,4112,2,
8aaf40c5,+elitebold,code,2958,2,
8ab04833,Pg34,code,3617,1,
8abd1a04,ps,screen,6912,1,
8aced00d,xmas3,code,7905,1,
8ada38d5,Cclear,code,5367,8,
8adba941,ADRS,code,29274,1,
8ae0a8f1,DEM66,code,4096,2,
8af1eba5,me 1st,code,4249,1,
8b06e384,Overly,code,1618,2,
8b0d4dfc,DEM43,code,4137,1,
8b0e9d24,olicopy,code,511,1,
8b1274b2,AUTOSTART,loader,3824,1,
8b16d9a3,ALIENS,screen,6912,1,matched
8b17e5f0,vcC,code,6233,1,
8b1a821d,PEACE,basic,3385,3,yes
8b1f22e6,onedrv,code,1866,1,
8b1ffb41,Msp60,code,1888,1,
8b2c2b09,solidbaner,basic,1906,3,
8b3c1246,CLOADR,loader,133,1,
8b3d5fdf,ZX81update,code,4265,4,
8b3f3a68,IRA PAYOUT,code,973,1,
8b46df81,mscript,code,3054,2,matched
8b47c9aa,chess,screen,6912,1,matched
8b488a90,DEM29,code,4096,2,
8b4fed54,ChartsPrnt,loader,2161,4,
8b56e0bc,Amortize 2,basic,705,5,yes
8b5d71c8,FEAST,loader,172,1,
8b6d3b27,VUCALC,code,14051,1,
8b6f26b2,POKER 2,basic,13529,3,matched
8b746a16,secretary,state,49664,4,
8b780030,CARD,loader,640,2,
8b892ef4,dc,loader,2138,4,
8b95222a,DEM34,code,4096,2,
8ba251f9,AUTOSTART,code,5089,1,
8bc8a22a,M6,code,6144,1,
8bcbb356,face5,code,7985,1,
8bcea6a5,ql-8,code,3904,1,
8bd24e7f,3,str-array,5958,1,
8bd83c34,64cols ,basic,2328,2,yes
8c1160b3,nws2n7,code,4224,1,
8c189969,TASWOR,loader,5811,2,
8c282a33,LONG WAY 1,state,49664,1,
8c2a6051,Candle,UDG,256,2,
8c4b7e65,CHARACTERS,code,144,4,matched
8c4da17c,ADVINMAN,code,3697,1,
8c4fec66,nights,screen,6912,1,
8c548037,MSDOS/Larken Utility,loader,2292,1,
8c5a4a56,qlsour,code,838,1,
8c67252a,Msl1,code,6720,1,
8c69dcd4,boot,code,1497,1,
8c6d94b7,face4-,code,9713,1,
8c771c7d,BOX,loader,2392,1,
8c8833ec,flash1,code,4224,1,
8ca120b7,US/CRASH MUSIC DISK # 1,loader,1311,1,
8ca3891f,NEW CHR$,basic,383,3,matched
8cb28b24,DEM91,code,4112,2,
8cbc7f53,FRESHN,code,2317,2,
8cc301eb,CIRCLE,num-array,5508,6,
8cd31a3a,Tasp50,code,1881,1,
8ceb4b27,Msl40,code,4615,1,
8cf65f0c,anim9,code,8657,1,
8cfddfe9,cartoon2,basic,5054,3,
8cff2091,AUTOSTART,code,5089,1,
8cffcf38,ml6,screen,6912,4,
8d062e76,Sql9,str-array,8450,1,
8d098e66,VC2TAS,loader,1303,1,
8d09c0f3,usw129,code,4160,1,
8d245414,Ptest_Z,num-array,5505,4,
8d310dc2,saucers,basic,3704,4,matched
8d3b896e,Jack.udg,code,512,2,
8d468564,casscopy,basic,669,2,
8d5724d7,Tower,basic,2704,1,
8d58e4f4,modem2,code,14336,2,
8d745c5a,new chr$ C,code,520,3,
8d7e00ff,BINGOfsp,basic,3135,3,
8d88182c,MusicBox2,basic,12324,2,yes
8d89c8d5,cust,code,5558,2,
8d8e2932,DEM46,code,4096,2,
8d91e5f4,ENDLESSLUV,basic,10290,4,
8d96e7b6,usw050,code,4224,1,
8d9e5293,sinclr,font,768,1,
8da4a299,NMI-F,loader,784,2,
8da6228e,AUTOSTART,code,5089,1,
8dc068ed,ROMEO  T,basic,4128,3,
8dc2e795,mis17,code,8177,2,
8dc3b0cb,Files,code,5178,6,
8ddbf3b2,tss-9,code,3737,1,
8de7122b,phone tone,basic,869,2,yes
8de82be5,AB,screen,6912,1,
8df17400,HARM_H,code,13824,1,
8df60d96,*ads,code,3598,2,
8dfcb2de,DEM87,code,4137,1,
8e03b27b,vcC?,code,1118,1,
8e05daa9,BORDR5,code,358,1,
8e186a55,5,state,49664,1,
8e2d3af6,DEM13,code,4137,1,
8e53cc08,Daisy,loader,18398,4,
8e550f02,CNVRT,loader,771,1,
8e6149c6,BANNER C,code,1730,1,
8e65844d,srch,code,5090,2,
8e66f456,BUDGET.B1,basic,87,2,
8e67cf78,RENAME,loader,950,3,
8e7a367f,FILEIN_zip,data,36928,1,
8e7c8078,a3,font,768,1,
8e84f94c,ZXDRVR,code,345,2,
8e86f72d,PHOTO,code,8202,2,
8e8a5c9e,ql-1,code,3481,1,
8e9434f2,DEM60,code,4112,2,
8e972030,ANALYST.f,code,8202,1,
8e980c43,bordercorr,code,855,2,
8e99eb13,misc1,code,8489,1,
8e9c48ee,page1L,code,24064,1,
8ec3bfca,Bricks,basic,5058,4,
8eda2f08,METRIC,basic,3414,3,yes
8ee18373,2chars,str-array,4488,1,
8ee3f27c,mozar2,basic,7460,1,
8ef3ac1b,xmas1-,code,8409,1,
8f02b986,DEM79,code,4096,4,
8f0345f3,Elect Brai,basic,2642,2,yes
8f45e202,ALIENHIWAY,screen,6912,1,
8f45ed39,ICON-L,loader,2314,1,
8f46b016,HFC/2068,basic,20059,3,yes
8f528362,dc,screen,6912,4,
8f5a4559,Genetics,basic,6268,4,matched
8f5a7e77,C68d1_zip,data,130560,1,
8f5b5ed2,comp2,code,8369,1,
8f685ae7,me 1st,code,4224,1,
8f6c49dc,MANUAL,basic,10275,3,yes
8f718548,DEM46,code,4112,1,
8f814d09,AUTOSTART,code,8287,1,
8f8f6e57,CHOPIN,basic,8167,3,matched
8fa053da,exp$,code,1028,4,
8fb7da1d,mis10d,code,6389,2,
8fbc4561,QUIZMSTR,basic,7230,2,
8fd5ab70,recovr,basic,4954,4,
8fd69a4c,ab,screen,6912,4,
8fdaef81,DEM36,code,4096,2,
8fdfcf96,ALLEY,loader,227,2,
8fe86c11,DEM63,code,4096,2,
8ff93bd2,anim7-,code,8273,2,
9014af63,page2,code,7424,1,
90225c86,DEM70,code,4137,1,
9023d82f,mike03,code,4224,1,
903d7650,mis21-,code,7880,6,
9041d8a7,sigma7,code,49153,1,
90610cfd,tantulus,state,49664,1,
906300f3,PRNTSCRN32,basic,494,2,
9069c833,s9001,code,13323,8,
90808910,Explosion,loader,6843,2,yes
90895c08,Tools,basic,307,4,
909a8e69,64COLUMN,basic,1301,3,yes
90a2d42c,+m1,code,6280,2,
90d03efd,INTFC,loader,8698,1,
90d57d85,mc0191,code,8448,1,
90eb260f,Uptr,screen,6912,1,
90ec5254,nws211,code,4249,1,
90fb0d82,TAPE LABLE,basic,2500,3,yes
91081a84,007-SPY,loader,866,1,
9120ecbb,cruz,loader,24465,1,
9123c005,PHONE,loader,33781,1,
912da1b8,SHOW$,loader,1120,1,
9131ae1d,SANTA,basic,13082,3,matched
91395a9e,omdele,code,5121,1,
9148d285,taswordo-l,code,10751,2,
91491f24,DODGEM,basic,1898,2,yes
9154a753,xmas3,code,25,1,
9158d5ca,ml,screen,6912,4,
915a5d03,Tunnel Run,basic,4217,3,
915e3afd,elevat,font,768,1,
916b373c,DEM49,code,4112,2,
916f6d63,018501,code,8671,4,
91737f10,MTERM2,loader,712,5,
917836eb,COPY 4,code,4181,2,
918248ba,D-F-M nvm,basic,6715,2,
9183b0d2,ROBO,screen,6912,1,
91842dfe,FORMAT,code,4224,2,
91862d1f,JGRANT,screen,6912,2,
918f3558,BANner,basic,758,3,yes
9190a930,saddlecos2,code,30000,3,
919d8306,uqlbk,code,4249,1,
91b6a659,PixelPrint,basic,1793,4,matched
91bab2b8,BACKGA,loader,116,1,
91bfdc00,COPYII,code,3761,2,
91c8475c,WRITTEN BY KRIS BOISVERT,loader,1120,2,
91d0d7a3,tom640,code,49153,1,
91d5d383,head,code,896,2,
91ddf819,Genrla,loader,25800,4,
91f22e6a,DEM83,code,4096,4,
91f3972c,boxing,screen,6912,1,
91f9222e,FONT 12,code,1044,1,
920ee750,DISKLABLE,basic,943,3,yes
921396aa,mis24-,code,8344,6,
92153587,Pg1,str-array,4376,4,
92164955,flag,loader,1049,1,
92178457,DEM21,code,4137,1,
921d62c1,gobbler,basic,434,3,yes
921d7382,clone,state,49664,2,matched
922bef21,CRISTY,screen,6912,2,
92353b16,sprt3,code,8057,2,
92364345,FNTSRC_zip,data,19293,1,
92378e3f,DEM26,code,4112,2,
924a9669,Space Shuttle II,basic,4906,2,
924c32d6,e2,font,768,1,
9264cb39,FILE1,basic,7368,3,yes
92690c0b,KNIGHT,loader,1090,1,
926adf72,monmandoc,code,4419,2,
926bf4d6,MAPOUT,loader,1782,3,
9273208e,pp-icon-dC,code,5984,6,
927f9f31,Squash,basic,4941,1,
92830a3f,LOCK,loader,3058,1,
928c1b03,ap8503,code,15810,4,
92a61688,ART1,screen,6912,1,
92ad7630,TURIST,code,15295,1,
92b0f96f,prog 10,basic,598,2,
92b7481d,TAX84,basic,11725,3,yes
92bccab5,DEMO_Z,num-array,5505,4,
92cb514b,TypJ1,code,25,2,
92d85ec9,25,str-array,6308,4,
92da4bc7,DEM14,code,4112,1,
92dbf225,dec129,code,4224,1,
92e26736,consgn,code,4249,1,
930d8183,DEM54,code,4096,2,
9319915c,my8605,code,11027,2,
9322b706,boxing,code,49153,1,
9323c057,AUTOLINE,basic,302,5,yes
933e969f,Pg5,str-array,5768,4,
934da165,ICONS,code,5120,1,
93549430,HELP4-VF,basic,3839,4,
935a4c29,consgn,code,4224,1,
9387714d,S,screen,6912,2,
939643aa,NGTGNR,loader,347,2,
939bdec7,ani13,code,7609,1,
939c3595,*veh5,code,4549,2,
93aba3b6,7CARDSTUD,state,49664,1,
93b3c6d3,me 1st,code,4249,1,
93b95b0b,mis30,code,8305,2,
93bc707e,men2,code,8241,2,
93bfdd0f,msc5/5,code,10000,2,
93c082cc,GENER,str-array,9928,2,
93caeefd,starfo,code,49153,1,
93d1c49f,SECOND,loader,2496,1,
93d37408,sprint,code,49153,1,
93da4ae0,HELICO,loader,220,1,
93e0587e,+rbold,code,2292,2,
93e6e661,MUSPLY,loader,1139,1,
93e96851,DISKS,loader,15108,2,
93eddec1,sprt3+,code,8032,6,
93f27040,PC-Draw c,code,11192,4,
93f67dde,dambuster,basic,2629,3,yes
9404a2a8,ZebraPaint,state,49664,2,
94170e4b,BATLSHIP,basic,5687,2,
941f3e23,MAGI.SCR,screen,6912,4,
94259951,BYTPWR,loader,413,1,
942e07e3,taswi,code,1492,1,
94356f96,Biorhythms,basic,5097,1,matched
943839b8,Sql3,code,1667,1,
94395651,Driver,basic,1676,4,matched
9439b28f,*veh1,code,4551,2,
943b3c36,olicopy,basic,490,2,
94602fa7,FIVEE,code,13824,1,
9461dd26,sound,basic,201,4,matched
94830152,1occup,str-array,648,1,
948e6ccf,calndr2,basic,2253,2,yes
9492976d,firepower,basic,1595,2,
94932c1c,DEM25,code,4112,2,
949b0a94,hday1+,code,8576,2,
94a872f3,prog 7,basic,578,2,
94a8f722,COLTTR,basic,5090,3,
94c1a758,PATTERNS 2,basic,660,3,yes
94cb84cc,thief,code,1024,2,
94d63ac3,men1+,code,8704,1,
94dea77f,DEM10,code,4096,2,
94ed7400,bear.rle,code,5391,2,
94f4d0f8,CLOVER,basic,1521,1,matched
94fbd299,GRID,loader,1495,1,
952f6964,PAIRS,basic,12551,2,matched
953b55d3,iChing,basic,37151,4,
953dd3af,RANSOM,state,49664,1,
953f40ac,mis20,code,9001,1,
954bb931,DOODLE,basic,1473,3,matched
95567578,Mterm II,basic,2902,2,matched
956096c6,ART1,screen,6912,1,
956c8334,mis18+,code,8296,6,
957fa49f,DEM28,code,4096,2,
95a09b8b,ql-2,code,3865,1,
95a5ef51,no8501,code,12674,4,
95af119e,thresh,code,1152,2,
95b68f1d,MANICMINER,state,49664,2,
95bc5edb,anim1-,code,8360,5,
95cadda8,BELL TOWER,basic,13801,3,
95ccf0d4,TRKSID,loader,1143,4,
95d5176f,GRAFIC,loader,772,1,
95d7c7d6,if,code,2087,1,
95dae40c,HANDIC,loader,23909,1,
95e7343d,BBDOS 4.0 4K M2,basic,10242,2,
95f0b8b0,HALLEY'S,basic,7081,3,yes
96026258,mike07,code,8448,1,
960e22f9,c3,font,768,1,
960e6a8b,Patience,basic,7222,2,yes
962cedd6,SOUND,loader,294,1,matched
96358af7,2,str-array,3403,4,
9636ae42,T V,basic,1901,3,
9637f65e,BIGCHAR,basic,375,2,yes
96392d6b,Baseball,state,49664,2,
9644a713,fac10,code,8673,2,
964e3d57,LONG WAY 3,state,49664,1,
964e48a4,chart,code,3712,2,
96628309,SPRITE,basic,23175,1,matched
96672917,shooter,state,49664,2,matched
9674462c,alt char,code,1024,4,
967bb704,TypLC,basic,6764,1,
96948a99,FORMAT,code,1318,1,
969da10c,LKEBCR,loader,7279,4,
96ba6583,DEM46,code,4112,2,
96c5cb9f,DEM24,code,4112,1,
96d344b9,Graphics,code,168,2,matched
96d43c73,FONEWO,loader,301,1,
96e07ddc,me 1st,code,4608,1,
96e11076,miche2,code,6144,2,
96efc0e1,SCREEN,code,3251,6,matched
96f93684,nws3n7,code,4249,1,
971884d1,RABBIT,basic,3916,2,yes
971ef4e5,Amortize 1,basic,8100,5,yes
97208e0d,invert,basic,686,2,yes
9722b0c1,MUSDEM,code,1595,1,
9724a545,DEM30,code,4112,2,
972a272c,078805,code,4370,4,
972d0a26,TIPS-A-M,loader,29817,4,matched
972f0056,DEM14,code,4112,2,
9730cb63,DEM41,code,4096,2,
97338f6d,PLUKRS,loader,356,1,
974a1b33,ART5,screen,6912,2,
97516452,7MNU,code,7959,1,
9758662c,cat-b,UDG,256,1,
975d3355,baseba,code,49153,1,
975e4ac1,DRUG,loader,8360,1,
97665500,m3,code,12288,1,
978c5d9b,anim7-,code,8273,1,
978e8329,13378,code,13378,4,
979cfda4,CAD#2,loader,6412,1,
97a294bd,SKYDVR,loader,502,1,
97a513af,FONT 10,code,1300,1,
97a6a0ac,MONROE,screen,6912,1,
97c12cc7,B,str-array,556,1,
97ce0c0a,mantro,code,49153,1,
97dd2dfa,calculator,basic,4617,4,matched
97e594f9,PARAND,loader,8561,1,
97e6a029,cust,basic,5534,4,
97f07277,uhwnov,code,4249,1,
97fd8a8a,128401,code,12555,4,
980494dd,solitaire,basic,7916,3,matched
98061433,ffresh,code,365,1,
98097ae5,DFM,loader,4923,2,
9809f149,puzzle,basic,3940,3,
980d82ed,advntr,font,768,1,
981876f8,GASHA,screen,6912,1,
9821f89a,GRNTPK,screen,6912,2,
9828075e,nws119,code,4160,1,
982b19c0,ql-1,code,3456,1,
982dbc57,mscript,code,9500,8,matched
98323ec3,AUTOSTART,code,5089,1,
983eda2b,PI,basic,5090,1,
984e6727,Tasl51,code,4500,4,
985ad151,GrapDesign,basic,7090,4,
98674f54,GRAFI,code,5945,1,
98701069,CATALOG.DOC,data,1278,1,matched
9871ecf0,SPRITE,UDG,256,2,matched
9879689e,DEM16,code,4096,2,
987b3f35,Games 3,basic,3833,3,yes
9882304c,ADDRESSBK,basic,33979,3,yes
988a07ca,AUTOSTART,loader,3824,1,
988de05f,AERCO DISK,basic,820,5,yes
9894b8e7,GEOGRAPHY,basic,6946,3,
989d3c78,+rheavy,code,2631,2,
989e31ec,recovt,code,1689,1,
98b65786,headov,code,49153,1,
98bc53a3,MNRESQ,loader,6495,4,
98c88f57,help93,code,4672,3,
98c932ea,resistor C,code,8036,3,
98ca3d21,CML,code,1565,1,
98cd2d33,vera,loader,4039,1,
98cd654d,doorway,basic,1168,3,yes
98d48e1d,twc,code,10751,1,
98dead4d,ordfm,code,3904,1,
98f18a39,earth2,code,6144,1,
98ffd3cc,RENUMH,code,5090,1,
9900c547,WORD2,basic,722,2,
991a435d,speedk,code,49153,1,
9926d763,excell,loader,53,1,
9944bb60,Tomahawk,code,24064,1,matched
9966bf11,GDAP,basic,1932,3,yes
996d0d9c,D,str-array,295,1,
996ec4d5,MUSIC BOX,state,49664,2,
99722b7c,ja8604,code,8269,8,
99791a57,2attr,str-array,648,1,
9986cd3a,MEDIT,loader,404,3,
998b8ff9,Pg24,str-array,5608,1,
99929008,PRO/FILE 40K/IF,basic,46613,2,
999c773e,COPY 4,code,796,1,
999d1adc,Uptr,loader,7594,4,
99aa9c02,CATAL.OG,data,13824,1,
99b5f0ca,P-PCH,basic,9978,1,
99bf47c2,AUTOSTART,code,5089,1,
99c6b2f2,PIXELC,code,11800,1,
99c75ce7,FILES.DOC,data,4161,1,
99cb0676,BGDATA,code,8710,1,
99cb54e8,fo,screen,6912,4,
99d4ff4b,InstantUDG,basic,354,8,
99dcfbfb,mis26d,code,7113,2,
99de5501,rivrad,code,43046,1,
99fd10d1,cassverify,code,398,1,
9a05d6a7,DEM66,code,4112,1,
9a0988b7,SHOW$,loader,1213,1,
9a0d58db,VC2LP,loader,1317,2,
9a187366,l8,UDG,256,2,
9a2fcef3,CHAPLI,screen,6912,1,
9a314574,$wm2doc,code,7506,2,
9a3d3aa7,LLOOK,basic,1072,1,
9a3fde5e,CANNONADE,basic,1317,3,
9a4f1030,AUTOSTART,loader,3612,2,
9a5a132d,banal,code,896,2,
9a5cd339,24,str-array,5258,4,
9a76d05e,CANDEL,screen,6912,2,
9a7f25fe,MICON50T,basic,5987,2,
9a850125,pgn,loader,1077,4,
9a966054,GYPSYdoc,code,8437,1,
9a987619,4w rotate,basic,1301,3,yes
9a99cb83,draw,loader,3168,3,
9ab37174,colortest,basic,209,2,
9ab6cdd5,auto,code,346,1,
9abc3a11,CARD,loader,19189,3,
9ac08fcf,DISKS,loader,12809,3,
9ac1a44f,PCICONS3,code,30959,1,
9ad2b389,SDSCLL,loader,1126,1,
9ae444cd,MOVE,loader,4040,3,
9af65ae6,no8503,code,12656,4,
9af74ee0,RedArrows,state,49664,1,
9b036b30,ordfm,code,4224,2,
9b1e4768,FIRST,loader,665,2,
9b338ed4,tasword,basic,5686,4,
9b348b65,firstldr C,code,1234,7,
9b3ca152,ART1,code,6937,1,
9b420a9c,trksid,code,1316,2,
9b498265,AUTOSTART,code,7537,1,
9b5d888d,SOUND,basic,4484,1,matched
9b6167be,mscriptl=o,state,49664,2,
9b6d494f,STOKVALU,basic,2768,1,
9b7ec069,HUNT,loader,1379,2,
9b80096e,JACK 5,basic,4988,3,yes
9b825201,ART3,screen,6912,3,
9b9240c3,DEM39,code,4112,2,
9b97c8e5,men7d,code,7137,1,
9b997330,BUS STATS,basic,4754,4,
9b9ed260,damattack,basic,10487,4,
9baa86af,CHR$ gen,basic,2318,3,
9bb20851,PAGE 20,basic,7083,1,
9bbc23a8,zap,code,8010,1,
9bbf1cb9,FRESHN,code,2292,6,
9bcafca0,AD,screen,6912,1,
9bcd6a8b,AUTOSTART,basic,5089,2,yes
9bd0dc35,ctas,code,6198,2,
9be3b837,IBMGRAPH,basic,2681,7,yes
9be5b362,MASTERMIND,basic,621,3,matched
9bfdbad4,m1,str-array,20842,4,
9c1f7cad,STAR TREK,basic,29892,3,matched
9c26a471,Cricket,basic,5557,3,matched
9c2e0880,powersuppl,code,319,4,
9c2feccd,arcSCRATCH,basic,7552,4,matched
9c5cbfd6,printusing,code,5474,2,
9c64127a,plot,basic,3700,2,yes
9c715fd9,CHESS,loader,343,1,matched
9c7567cf,098604,code,8837,4,
9c7e189f,clover,basic,1274,3,matched
9c809b2c,GRAND PRIX,basic,36518,2,matched
9c80c397,flash,code,4249,1,matched
9c85604f,ManicMiner,state,49664,1,
9c85fe68,*sky2,code,2070,2,
9caa2242,mis27,code,7369,1,
9cae9cba,snake,basic,7048,1,matched
9caf7fa0,Sqp1,str-array,7153,1,
9cb26d2c,PSYTRON,state,49664,2,
9cba13d9,COPY 3,loader,629,2,
9cd77b3e,WRITTEN BY KRIS BOISVERT,loader,1292,2,
9cf3af58,victor,num-array,76,2,
9cfbb744,WORD,basic,5839,3,
9d031530,MAZE C,code,1341,3,
9d0d16ba,BOUNCE,loader,291,1,matched
9d125f69,PATERN,loader,559,1,
9d1e0e2d,Sqp3,str-array,1,5,
9d3201d0,zone,screen,6912,1,
9d4e9f1f,YAHTZE,loader,8430,1,
9d4fc4c8,Wide,basic,779,3,
9d4ff601,<Aerco,code,60,2,
9d503e05,ORGCLUE,basic,32940,3,
9d50f066,GhostHunt,state,49664,2,
9d515ed9,TASWOR,loader,5834,1,
9d532bc5,BOGART,screen,6912,1,
9d658c06,LK map out,basic,2084,3,
9d8c1282,GIRL23,code,22749,1,
9d969a33,SHOW$,loader,1056,1,
9d9943a8,AUTOSTART,code,4537,1,
9d99becf,CHOPIN,basic,8263,4,matched
9d9b5081,AUTOSTART,code,5089,1,
9dabdefa,GUIDE8,screen,6912,2,
9dac035e,face9,code,8689,1,
9dacf5d4,TINDEX,code,5115,1,
9dbe63bd,NewUsr,code,452,3,
9dbe9540,1,str-array,3565,6,
9dcf085c,ritz,font,768,1,
9dd0ce9d,AUTOSTART,code,5449,2,
9dd64a33,cookbo,loader,125,1,
9ddf027b,snug1,code,2855,4,
9de1817d,me 1st,code,4288,1,
9de1ee97,ARTWOR,loader,1311,1,
9de7fb26,cd2,screen,6912,4,
9dfafc87,HEAD,loader,2179,3,
9dffd4db,CLIVE,screen,6912,1,
9e011e18,joystick,basic,678,3,yes
9e01885a,tashlp,code,18688,4,
9e076841,MScript,code,25600,1,matched
9e0d5a90,casscopy,basic,645,2,
9e150c17,tss-5,code,3865,1,
9e1604a9,animals.1,code,35610,5,yes
9e1e248c,MATHCL,loader,635,1,
9e1eb6d3,newusr,code,2073,1,
9e235db7,SCRABBLE,basic,11997,3,matched
9e2a351a,men4,code,8257,2,
9e3619e9,FONT-D,loader,2027,1,
9e3cb1f9,st,code,7375,1,
9e3ea75d,DROP,basic,966,3,
9e405dbc,pigpicks,basic,863,4,
9e43ec4b,portfolio,loader,35947,2,
9e44a1ba,Guadalcanal II,basic,3247,1,
9e450b10,018401,code,9102,4,
9e48d1ce,falco2,code,49153,1,
9e4cb16a,gotos,screen,6912,1,
9e4cc453,wordsq,loader,4637,1,
9e4dcb7b,STOCK,loader,4786,3,
9e64194d,DEM45,code,4096,2,
9e66146f,mis31,code,7721,2,
9e67fb38,grafixx C,code,18000,3,
9e6a1e39,d2,font,768,1,
9e873144,dbms,loader,10474,2,
9e8d129e,STRPBJ,code,38161,1,
9ea689c0,sq,screen,6912,1,
9eb01783,calendar,basic,2737,2,yes
9ebaf2d1,turt 2,basic,544,3,yes
9ec7450d,Dskman,loader,4446,2,
9ecb4cd1,SYSOPS,screen,6912,1,
9ecd6f50,uql/bk,code,4224,2,
9ecde834,DIAL,loader,3474,1,
9ecdfdee,unload,basic,651,4,
9ed2fd6e,mis13-,code,7945,1,
9ed45869,841005,code,11529,2,
9edcca01,ot,screen,6912,4,
9ee389fd,face2-,code,9097,2,
9ef29722,FONT 9,code,900,1,
9f05e5e8,ql-5,code,3929,1,
9f098cda,page7,code,7552,1,
9f0b77d8,gladia,code,49153,1,
9f1a1faa,fastf,code,704,2,
9f1d4e17,Taswo,code,10771,2,
9f2c0dee,nws2n9,code,4249,1,
9f3903d1,trksid,code,1561,1,
9f40c13c,Bulls&cows,basic,5902,3,
9f416523,uhw010,code,3648,1,
9f4c7b01,concentrat,basic,2434,4,
9f4efb4f,dec84,code,9984,2,
9f5988a2,tran3,code,6337,1,
9f604431,CASINO,loader,249,1,matched
9f64c3c2,mh8606,code,10915,8,
9f722766,GRCARD,loader,1123,1,
9f8c6f32,DEM4,code,4137,1,
9f9d8990,Pg34,str-array,3592,4,
9fab5ed3,face9,code,8689,2,
9fd0ea26,CATUG,screen,6912,1,
9fedf521,powersuppl,code,344,2,
9ffb0efa,macro,screen,6912,4,
9ffebd64,MAKER,loader,865,2,
a0094402,068301,code,8442,4,
a0111d2b,menuload,basic,1524,6,
a0160544,SQUASH?,basic,1709,3,
a038eb5f,t4,str-array,5608,4,
a03c790d,mis23-,code,8808,6,
a04514b2,uhw040,code,4224,1,
a04d9260,lightf,code,49153,1,
a0541656,DEM34,code,4112,1,
a05bca2a,printscren,basic,379,7,
a05c2232,tss-8,code,3840,1,
a05de775,BACKGROUND,basic,726,3,yes
a069babc,PART I,code,20737,1,
a06d3a4f,zodi1-,code,7241,1,
a06e4536,TIME,basic,4911,3,yes
a07003f4,LKEBCR,code,13701,1,
a078c8c8,TICTAK,loader,5777,1,
a0853fca,backsc,screen,6912,1,
a08ce604,flash!,code,4224,1,matched
a0952a9c,Reloader,loader,635,2,
a095fc36,GAME,loader,5090,1,
a099dd73,telephone,basic,2945,6,
a09f47e6,MOVE,code,25,2,
a0a88d9c,usw040,code,4224,1,
a0ac2c3c,AUTOSTART,loader,3619,1,
a0ad86bd,funy3-,code,8793,2,
a0d6cc01,MSDOS,loader,4996,2,
a0d91690,078910,code,3376,4,
a0dc01b3,graphs,basic,2176,2,yes
a0e350b0,s8506,code,8586,4,
a0ec681a,TE2000,basic,14611,2,
a103d301,comp1-,code,7889,2,
a10d7e36,Block 53,unknown,16382,1,
a111ee00,BRDFSH,code,5338,1,
a1130dac,LETTER,code,21227,2,
a1159ca9,VU-3D,code,42462,1,matched
a11676b9,keyword C,code,224,3,
a11c28f0,scanner,basic,1308,4,
a120f8cc,goonie,code,43046,1,
a122decf,funy3-,code,8768,5,
a12871fe,#NAMES,code,2,1,
a12b16cd,QRL,code,400,12,
a1443909,sm,code,3644,1,
a15286dc,DEM40,code,4112,2,
a1585e32,uqlbk,code,4249,1,
a16c59cd,Egg,basic,4091,3,yes
a16d848a,AUTOSTART,basic,5089,4,yes
a180ab26,LUNAR LAND,basic,3012,3,yes
a180b80c,onedrv,loader,1841,1,
a182f67e,SOLUTION,basic,435,3,
a18d65b5,CALENDER,basic,828,3,
a18ec389,bedit,code,1581,2,
a194c0f3,mastermind,basic,1948,2,yes
a1a31552,mike08,code,4224,2,
a1a7423c,RedArw,code,49153,3,
a1a7d1d8,AUTOSTART,code,5062,1,
a1b314c7,3D TIC TAC TOE,basic,2978,1,matched
a1beadf9,otl,code,3644,1,
a1db3223,usw010,code,3865,1,
a1db7539,HOT Z1,loader,772,1,
a1dfab45,DEM10,code,4137,1,
a1f34c16,mscript5.5,basic,3249,2,
a1f8bb20,BANNER,code,16264,1,matched
a1f9c4eb,uhw050,code,4160,1,
a203ce74,karate,code,49153,1,
a214a01a,DEMO,num-array,5508,6,
a21a36ba,names1,code,1645,1,
a21beb53,carl,code,11410,2,
a22c0bb8,FROGER,loader,200,2,
a23efabf,Hcode,code,2000,5,
a2483f4c,reccat,code,1600,2,
a258c2cc,HI TURTLE,state,49664,1,
a26364f9,tmaped,code,960,2,
a26e4906,heart.G,UDG,256,5,yes
a2842bb4,FLIP,basic,1963,3,
a2893f17,DEM21,code,4112,1,
a293704c,ordfrm,code,4185,2,
a2aeb074,g4,font,768,1,
a2af0a87,studio_mc2,code,30672,2,
a2b197a1,TBLADE,loader,232,1,
a2c0c7ee,UDGS,code,4659,2,
a2c5d8af,anim4-,code,9049,1,
a2cd32fe,XMSLBL,loader,9480,1,
a2d53b16,ftrksd,code,576,2,
a2dca050,bships,basic,5556,1,
a2dded03,MUSICBEEP,basic,2509,3,yes
a2e4a228,PEEL,code,25,2,
a2f2c004,Olympus-Lap of the Gods,basic,3247,1,
a2f2f032,word,code,10751,4,
a2f421a7,mh8603,code,12260,8,
a2f56451,Green Beret,code,24064,1,
a2fa98b4,CALC,basic,1183,3,
a30d071a,C,screen,6912,1,
a323790f,FONTS1,code,3075,4,
a324e56d,TURIST,basic,15270,1,
a3274c52,DEM47,code,4112,1,
a3313c3e,sort,code,640,2,
a3352bba,hday2+,code,8784,5,
a3362190,biorhythms,basic,935,4,matched
a337187a,DEV-Assem,basic,13795,4,matched
a33f188b,anim3+,code,8592,2,
a343b64d,tb,screen,6912,4,
a34a9b28,xfer,code,45,4,
a34ad0c7,DEM78,code,4096,4,
a35de0a1,COPY 4,code,4156,6,
a381d873,ZTEXT,basic,14751,2,
a388de06,format,code,1344,2,
a396022e,olt,screen,6912,4,
a397b958,first1,code,4224,1,
a3a7080f,tran4,code,7753,1,
a3ab1f80,3D-draw,basic,1555,3,yes
a3c0786b,RLENCD,loader,2663,1,
a3c40f42,OH LOTTERY,basic,2474,3,yes
a3c97459,Biorhythms,basic,1973,2,matched
a3e2f4af,PART I,code,20736,1,
a3e3eef9,IRISHLUK,basic,2275,4,
a3e6c180,gertie,basic,16707,3,
a3ea0e73,118806,code,5884,4,
a3efc9bd,MUSD01,code,49153,2,
a3f0ac21,DRIVE?,loader,3548,1,
a3f32dbe,+cbold,code,1926,2,
a3fb4f37,sort,code,2056,1,
a3fd3b5d,vufile,code,8192,2,
a3fd3e0b,RECBAD,loader,5411,3,
a4007d73,mis22-,code,8273,1,
a404fb19,my8603,code,11028,8,
a408ee18,Drag lore,basic,20148,3,
a4149213,TMAPED,code,3957,2,
a418b77b,ordfm,code,4249,1,
a42725fe,G-pad,code,18000,2,
a4276fc2,+expanded,code,2739,2,
a42b108a,TypaL,code,15295,1,
a43538ed,ordfrm,code,4160,1,
a43b0a57,HOT Z 1.8L,state,49664,1,matched
a4443b3c,mscript5.5,basic,3249,2,
a45c299f,nws2n6,code,4249,1,
a46aa6f6,m1,str-array,1095,5,
a46d42d4,Cyclepath,basic,1670,1,
a47a0c92,TAPES,basic,7583,4,
a47d839e,LO HZ2 4.0/4K/M,code,13638,2,
a48607a3,Dartz,state,49664,2,
a489e3de,MADOMBUMP,screen,6912,1,
a48af4b2,xmas3+,code,7880,4,
a491a8db,Circuit Board Scramble,code,25600,1,matched
a4956cf4,AUTOSTART,loader,3824,1,
a49708ba,nws2n7,code,4224,1,
a4aee397,ghw-3,code,3904,1,
a4b0ebcd,victor,num-array,76,1,
a4b64831,Firepower,basic,5007,1,
a4b66158,label2,loader,4342,4,
a4ba17da,cd7,screen,6912,4,
a4beeb4c,TAPES,loader,7565,4,
a4bf531d,058401,code,13506,4,
a4c3827b,Loader V - 1985 by K.A.Casby,loader,2317,2,
a4d45397,bells.G,UDG,256,6,yes
a4df910c,Block 22,unknown,14880,2,
a4e12cc6,zpaint,basic,2009,2,
a4e3d9c4,raider,code,1856,1,
a4e43c92,HcodeF,code,2000,1,
a4f12d95,Demolition,basic,3775,4,matched
a4f3cf8f,FONT16,loader,2707,1,
a4fa9814,DRIVE?,loader,3483,1,
a4fe12ec,TTUTOR,font,768,1,
a505e5f8,GRANDPRIX,basic,36517,2,
a506ede1,olicopy,basic,499,2,
a51b0e38,Poker,basic,10673,2,matched
a51b366a,AUTOSTART,basic,5089,2,yes
a5240537,TINDEX,code,4684,1,
a52a43f9,DECODE,code,1817,4,
a54f7dd7,PRINTER,loader,2328,3,
a5617492,CREATE,loader,616,2,
a564fd64,hday2,code,8809,2,
a5673254,srch,code,571,1,
a567819f,POKER2,loader,15246,1,
a58a62e4,circus,code,49153,1,
a5b4c9e6,SHELL,basic,1360,2,
a5b66e63,DEM61,code,4112,2,
a5be7291,WORD 5+,basic,6028,2,
a5c652d5,SCROLL,basic,748,2,yes
a5d65755,me 1st,code,4608,1,
a5dc6a98,barten,basic,14673,1,
a5e24e4f,WAG's Walk,basic,5574,3,
a5ea742e,VF-BBDOS/IF,basic,6275,2,
a5f53444,Stock Market Simulation,basic,2802,1,matched
a5fe6ae0,MCUtil,basic,9455,2,yes
a5ff415e,mscript5.5,code,10000,2,
a60152ba,GOLF,basic,16351,3,yes
a6020c05,False Echo,basic,1797,2,yes
a602cfcd,13378,code,13403,1,
a609bf2c,F16,screen,6912,1,
a60aef69,FONTED_zip,data,24576,1,
a613b7ca,PmodE,str-array,248,1,
a619b5c7,Gbuste,UDG,256,2,
a61ac9a6,patch,code,9216,1,
a61bc4cd,098804,code,6314,8,
a61d6971,masthead2,code,24064,6,
a61deb96,db1,screen,6912,4,
a61fd9ef,bptext,code,23390,2,
a62324e7,m1,code,20867,1,
a62cd63b,cd3,screen,6912,4,
a62f60f4,-outline,code,4741,2,
a635e9b1,Sqlp4,str-array,2352,5,
a63a56e3,ERASE,loader,4985,3,
a654108a,uhw080,code,4249,1,
a65d3ef8,file0+,basic,2652,1,matched
a66ac544,DEM57,code,4137,1,
a676fa3a,tss-7,code,3673,1,
a677bf89,flash,code,4249,1,matched
a685451d,HEADER,loader,1799,8,matched
a6889620,play,basic,4442,4,
a690100f,FONT 5,code,1900,1,
a6913a9b,VANCOUVER WA 98684,basic,25119,1,
a693c649,cd7,screen,6912,2,
a6996791,xtree,code,281,1,
a69a3964,shuttl,code,70,2,
a69aff3a,fo5,screen,6912,2,
a6af3c90,tslogo,code,5158,4,
a6ba5118,algib3,code,2048,1,
a6bb8cf0,add1,str-array,628,5,
a6bf9e09,thespn,font,768,1,
a6c03630,thief,code,1049,1,
a6c2de42,WORDBG,basic,27920,1,
a6c9a008,-light,code,3513,2,
a6cd1703,LONG WAY 2,state,49664,1,
a6d09433,oct89,code,4249,1,
a6d2d032,Pg1,str-array,3128,4,
a6d83c96,olicopy,basic,487,2,
a6d9f3d5,mg1,screen,6912,4,
a6e24cf2,ed,screen,6912,4,
a6f1c21a,Sam Stoat Safebrkr,code,25600,1,
a6f51c1e,FIRST,code,24528,2,
a6f761b6,Tspg53,code,3200,5,
a70d095d,Pg6,code,2833,1,
a7124e94,10213,code,10213,2,
a72d4e4a,snug1,code,10112,4,
a731bf85,DEM45,code,4112,2,
a73ce88b,TASWOR,loader,5809,2,
a73f3cad,block4,code,5952,1,
a745938a,sound,basic,12963,1,matched
a75b9431,certi5full,basic,1815,3,
a76096ef,NMI-S1,loader,37289,2,
a772daa4,DISKFILE0,basic,1199,3,yes
a7768714,plot2,loader,729,1,
a778e7db,PS/GE 32/6,basic,5890,4,
a77b925f,hday1+,code,8576,5,
a78b379c,DEM39,code,4137,1,
a78c443c,DALLAS,screen,6912,1,
a790942f,ordfrm,code,4249,1,
a79a8e2c,Taswor,code,10751,2,
a7aca419,ROM/S+whdr,code,16384,3,
a7b08abc,mis19,code,7177,1,
a7b8e8b5,readme,code,4249,1,
a7cb9f2b,readme,code,4224,1,
a7dd7554,nws2n8,code,4249,1,
a7e03f9d,NUMBER,code,5533,1,matched
a7e6da8a,intro,code,4617,4,
a7e6f28f,bytepower,loader,351,2,
a7eac0c9,DEM90,code,4096,4,
a7ed9de1,Rifle,basic,11613,1,matched
a7f25f12,CHASEHQ,state,49664,2,
a7f6d436,MUSIC,loader,326,1,matched
a7fc7bfa,CHANEL,code,6144,1,
a80e1158,HEADER,code,1824,1,matched
a823a603,DUNGEONS,screen,6912,1,
a8449e04,STRMSCHANS,basic,1540,3,
a84614c9,PATERN,loader,1155,4,
a84a7c7e,7,code,4233,1,
a8549b44,backup,code,517,1,
a8569e78,UNIFILEII,basic,6916,4,
a8635a04,DEM13,code,4096,2,
a865225e,HARM_G,code,13824,1,
a8749ed0,xmas2-,code,7905,2,
a887e13d,tsart,loader,1496,3,
a8a811d4,e1,font,768,1,
a8a96522,funy7d,code,7424,4,
a8b72363,screen,code,5090,1,matched
a8bcdd1f,spe-1,code,3584,1,
a8bceaca,3DOXO,basic,4139,2,yes
a8bd77b3,tran5-,code,7857,1,
a8c6601d,Random Color Display,code,25600,1,
a8c675e4,edt,code,3330,1,
a8cba676,MENU,code,1968,1,
a8cd1ade,froger,code,32608,2,
a8d39244,nws2n5,code,4249,1,
a8d45706,LIBRARYlst,loader,10065,2,
a8d76a75,WNKinf,code,25,2,
a8e536ef,LOAN,basic,3001,3,
a8e9e1a1,TASPRINT,code,1222,2,
a8ea6987,xmas5-,code,25,2,
a8ecdc40,FLAG,loader,1043,1,
a8f88bfe,FAYE,screen,6912,1,
a8fa9501,ICNPKG,loader,1516,1,
a9051ba3,fo5,screen,6912,1,
a916f02d,funy1+,code,8240,5,
a91d715b,IRS - 1986,loader,35352,3,yes
a91e2e39,Short Term Memory,code,25600,1,matched
a9224eec,SAM.FOX,state,49664,1,
a924e6bb,13378,code,8288,1,
a92976d6,star quiz,basic,8778,6,
a93a4b3c,pc,code,4224,1,
a93fbe85,840101wes,code,9103,2,
a949dd7a,usw070,code,4249,1,
a9597bbd,Zeus Disassembler & Monitor,basic,157,1,
a96126c1,tsh-4,code,3904,1,
a96265f4,ani12,code,8081,1,
a966edee,graphics,basic,1012,3,matched
a96d42fe,qlbook,code,4224,1,
a973cc10,scanner,basic,233,3,
a97f72b3,Z88end,code,9984,2,
a984278a,MENU,code,5139,2,
a985fc65,CHECK,basic,6953,3,matched
a98cd68a,Flow Chart,basic,2226,3,yes
a993bb90,BIO-graph,basic,2349,3,matched
a99d6caa,SCREEN,code,2048,1,matched
a99f3458,C&M/L,code,1699,2,
a9b66158,mscript5.5,code,10025,1,
a9c014fa,SAM2,screen,6912,1,
a9c9bd02,Chopin,basic,7584,2,yes
a9cc820f,Pinball,state,49664,1,matched
a9d48fe4,UNLDR,loader,535,1,
a9d96b18,PCICONS3,code,30959,4,
a9e67180,TypaL,basic,11064,1,
a9e7174f,HS BRIDGE,state,49664,2,
a9e9452e,sample,code,24064,3,
a9ec947f,edit4,code,24064,1,
a9f042cf,mis14d,code,6087,2,
a9f0bb06,chaos,basic,8522,2,
a9f289cd,pp-icon-dD,UDG,256,9,
aa00d518,038801,code,11372,4,
aa0a926f,spider,screen,6912,1,matched
aa2307b4,QRL,loader,2898,1,
aa3a9308,MAPOUT,loader,2129,3,
aa51adaf,delay,code,2000,2,
aa5861ab,TalkClock,basic,1726,3,yes
aa59f2c3,mscript5.5,code,10000,2,
aa632ba2,MSDOS,basic,5075,5,
aa694d24,renumber,code,1514,2,matched
aa775d24,Techdraw2.,state,49664,4,
aa7b809a,Tasl1,code,8345,1,
aa871728,DEM63,code,4137,1,
aa8ac6d3,FILL,loader,1060,1,
aa98ca7e,spritedemQ,code,9633,3,
aa9d646a,ENORO,basic,7872,7,
aa9e5713,oct83,code,10496,2,
aaab4626,038505,code,15298,4,
aaac337c,tracer C,code,240,3,yes
aaae55f2,lander,basic,13673,4,matched
aab6c8be,SPIDER,basic,8235,1,matched
aaba4fcd,freshn,code,1152,2,
aabd387c,checkbal,basic,2129,4,
aac943c5,recovr,code,1538,2,
aad10421,HINGE1,code,6144,1,
aad26968,WUMPUS,loader,10025,1,matched
aadd2d56,uhw070,code,4224,1,
aae167c9,Tape EX,basic,2029,3,yes
aae42818,cnsn1,code,4224,1,
aaf47fb6,loancompar,basic,946,3,
aaf89425,!border2,font,768,6,yes
aafacaad,DEM29,code,4112,1,
aafebb02,Art Studio,code,25600,3,
ab034d94,HELICO,loader,315,1,
ab166533,pool,code,9000,1,
ab281f6d,listllist,code,4060,2,
ab2b1fb8,!pattern,code,499,4,
ab48e79a,Renumber,basic,2177,3,matched
ab5967ed,The Flying Formula,code,25600,1,
ab5c6db4,mis21-,code,7905,2,
ab64771a,DEM81,code,4112,2,
ab85d49c,Vucalc,loader,1193,1,
ab8fc92b,ART2,screen,6912,3,
ab98baa0,DEM87,code,4112,2,
ab99af23,!convert,code,166,4,
abac420d,DSKRCVlist,basic,5992,2,
abaf10f9,FLOW CHART,basic,2251,4,matched
abc29e5f,Voice Chess,basic,2765,1,
abd4ac91,shuttl,screen,6912,2,
abe70ad7,UNSCREEN,basic,864,2,yes
abe82565,p/f,code,2046,4,
abe95360,fo5,screen,6912,3,
abea76d8,bulls&cows,basic,1399,2,yes
abf385c0,TASWOR,loader,6026,2,
abf7d659,Quest&Answ,basic,1790,3,
abfa23d1,mis26d,code,7113,1,
ac0b256f,L,code,3456,1,
ac25166b,DEM32,code,4096,2,
ac2cfa96,cnsn2,code,4249,1,
ac318d4f,COPYII,code,3761,2,
ac339181,UNIFILE,basic,5110,3,
ac364a34,starII,code,43046,1,
ac3bd75e,078801,code,3619,4,
ac3fd718,JBBS Tinyboard,basic,631,1,
ac4fbbb1,+super,code,1398,2,
ac549ac3,gradebook,basic,3515,3,matched
ac58a064,PIXELC,loader,2315,1,
ac658bf7,ADRS,loader,37941,1,
ac70c933,TRACER,basic,3123,3,yes
ac75c5d7,NMI-S ,code,16350,1,
ac7a7580,2068,screen,6912,1,
ac8560cd,PYRAMID,basic,3893,3,
ac8bcfa7,*maps4,code,4490,2,
ac8ffaac,aliens,basic,4329,4,matched
ac952d75,01831,code,1831,4,
ac9681d5,anim6+,code,8976,2,
ac976f9c,PP-FONT-D,basic,1589,3,
ac9d460f,zprint-hi,code,1300,4,
aca616ab,Race,basic,2219,3,
acb0a377,uhw119,code,4185,1,
acb46ebd,mapout,code,832,2,
acb8b8d4,odissa,code,16985,4,
acbbe81d,CLENUP,loader,1154,4,
acc23dd5,readme,code,12066,1,
acc6d5d3,64 Column Utility,basic,3680,1,matched
acd8f545,AUTOSTART,code,7576,1,
acdc201c,Improved Disk Label-maker,loader,3292,1,
acedc3da,DEM60,code,4137,1,
acf589a4,MAGI!,basic,3689,4,
acf827f4,Taswide,loader,2934,1,matched
acf92614,TWII,code,16984,1,
ad1fb213,comp2+,code,8344,4,
ad21b6f0,ANAGRM,loader,2185,1,
ad26dc9b,AUTOSTART,code,5089,1,
ad2d5fb9,WP1,loader,27730,1,
ad2ebf83,Uptr,loader,7480,3,
ad306824,misc8,code,9001,2,
ad3c014c,ord-1,code,3929,1,
ad3f1826,doctor,loader,14448,2,
ad3f4b13,DEM52,code,4096,2,
ad3f86b8,fdzx sados,code,8710,4,
ad4150f1,mscript503,code,3163,2,
ad41b962,DEM39,code,4096,2,
ad5978d6,HisoftC,state,49664,7,
ad5a3a34,hel101,code,3520,1,
ad5e0842,CAD,loader,21568,1,
ad64b99d,US Map,basic,6307,2,
ad683782,DEM7,code,4112,2,
ad69725a,wavey,code,100,5,
ad735d14,TTUTOR,code,7931,1,
ad80662e,amort prt,state,49664,2,
ad8a2ccb,v,code,5224,1,
ad8e76ec,michel,code,5090,1,
ad8f1f1f,Num Sort,basic,3002,3,yes
ad995438,pc2,code,4224,1,
ada0c489,consgn,code,4224,1,
adb8972d,taswi,code,1517,1,
adbb883d,Graph,loader,1609,1,matched
adc01d7f,Gcode,code,5900,7,
adcc03ec,cupid,code,281,1,
add229ac,ADRS,code,44344,1,
add89cb2,omdele,code,49153,1,
ade4a093,Charts,loader,2029,4,
adfd97f1,COLLECTION,str-array,165,1,
ae01042a,gertiemc1,code,4036,3,
ae0384a9,Try these,basic,2395,3,yes
ae08568d,AUTOSTART,code,5089,1,
ae19f49a,fm,screen,6912,4,
ae29fe06,DEM40,code,4096,2,
ae2aa752,nws2n7,code,4249,1,
ae3380b6,DEM30,code,4096,2,
ae33ae83,ace,code,49153,1,
ae3cb898,font1R,code,24064,1,
ae406a53,*maps1,code,4702,2,
ae481d9c,checkbal51,basic,2574,3,
ae49e02b,face,screen,6912,1,
ae4a52c2,DEM14,code,4137,1,
ae547651,codeloader,basic,843,3,matched
ae69bac4,SIR,screen,6912,1,
ae6b9833,MScript,basic,2973,1,matched
ae6d04a8,lm,screen,6912,4,
ae70fcfd,Plot demo,basic,2000,3,yes
ae76a7d1,vc,code,5235,11,
ae7b0f38,vgh2,code,10711,1,
ae7e7d20,SCRAMBLER,basic,1833,3,
ae923d36,Pelmanism,basic,4310,3,
aea7911b,15085,code,15110,1,
aeaceb78,Cdbse,loader,3164,4,
aec461c8,help,code,3968,2,
aed6fcfd,SHUTLE,screen,6912,1,
aee158f2,earth,basic,2186,4,matched
aeea93a9,pgn,loader,5090,1,
aef0ae09,mapout,code,738,1,
aefa2e50,T/SNUG,loader,15466,2,
aefce170,COLTTR,basic,12308,1,
aefd0b8e,DEM87,code,4096,4,
af033f77,olicopy,basic,499,2,
af0396a9,COPY I,code,4737,2,
af07eb74,dskman,loader,4650,1,
af0d054d,Pixel Sket,state,49664,4,
af206420,dcode,code,35400,2,
af29cea3,CRAZYPRINT,basic,175,3,
af3c3063,HELP! HELP! HELP!,basic,3247,1,
af3cb877,CALENDAR,basic,8545,4,matched
af3d28c2,BURSTLINE,basic,574,3,
af3f0cf6,PRO/FILE 40K/MT,basic,46560,2,
af4c3d90,Graphmate,basic,5801,2,
af4de777,mh8601,code,12257,8,
af68945e,ASCII,data,7168,1,
af7571d2,doctor,basic,13444,1,
af7ba22e,+outline,code,3495,2,
af7f244a,compac,font,768,1,
af869b45,MANDY4,code,25,2,
af87a371,DEM77,code,4137,1,
af94c88d,mscript5.5,basic,3249,4,
af999593,Sqp2,str-array,5312,1,
af9b905b,CREATE,code,12647,4,
afcd4b1c,Maze,basic,7404,3,yes
afe2ed52,tss-10,code,3673,1,
aff62d74,mterm2,code,9216,5,
affcfda2,DEM60,code,4096,2,
b006bdd8,LKEBCR,loader,15324,4,
b017db85,exp2,code,30000,3,
b0403d32,homeaccoun,code,2290,4,
b04bbfc1,timexlogo,basic,6835,3,
b0579afa,Pg72,str-array,4208,4,
b063a748,moonmg,code,49153,1,
b06407bf,LNRMDL,screen,6912,1,
b0711151,cnsn1,code,4224,1,
b0718f3e,flash,code,4249,1,matched
b0755b61,varsv,basic,1197,7,
b09b0e5c,cd10,screen,6912,1,
b09f6532,WINDOS,basic,786,3,
b0a3c127,keys2,loader,9017,4,
b0a6aba7,COIN DROP,basic,11006,1,
b0beb0f5,soundefect,basic,2842,3,
b0c12cff,fairlight,state,49664,2,
b0c56c96,ldissa,code,12096,8,
b0e62345,Poker,basic,11117,8,matched
b0e69334,docs,basic,1548,1,
b0e78def,format,code,5010,1,
b0e83b21,CHAR,code,7077,2,
b10ae100,TIGER1,code,21540,1,
b1152ae5,AUTOSTART,code,5089,1,
b1181947,DEM19,code,4112,2,
b11b5509,Pg2,str-array,2768,5,
b121898b,CASTLE,screen,6912,1,
b12a678b,Simply M,basic,7729,3,
b12e2bd5,lightbike,basic,8518,2,
b130b101,flash!,code,4224,1,matched
b136a5d4,DEM91,code,4096,4,
b1457c30,macro,code,6937,1,
b14bd8d9,EB,basic,11602,3,
b14c57ed,garland,loader,996,3,
b14cefee,men5+,code,8960,6,
b15a8ece,mscripcode,code,5546,2,
b1607ce2,747.C1   R,code,19381,5,
b175a3a0,add1,code,653,1,
b187fde1,ftrksd,code,601,1,
b19a9c90,SPRITE,loader,1570,1,matched
b19d8f4d,DLAN,basic,1404,4,
b1a9d202,galactoidC,code,1418,3,
b1aa747b,SUBREN,data,1408,1,
b1b42a26,catug5,code,20349,1,
b1b5e0e2,FontED,basic,4126,2,
b1b68698,merrymusic,basic,4319,4,
b1c0d9ad,chessm,code,38370,1,
b1c1e13e,nws2n4,code,4249,1,
b1c7f7bb,readme,code,4313,1,
b1dacf0b,$chncr,code,1456,1,
b1dd38d4,dbase1,code,722,1,
b1e473fc,garlandSCR,screen,6912,4,
b1e7214e,OPAS1,code,6144,1,
b1e7927b,mllist,code,6918,4,
b1ea8ce2,cnsn,code,4249,1,
b2049ffa,Xmasgift C,code,6046,3,
b21a9a04,H,screen,6912,1,
b224d3d5,face9+,code,8664,6,
b2258ae6,wdpro,basic,1377,4,
b2264494,INSTRC,code,3877,1,
b23432bd,mapout,code,857,1,
b2472f43,rpt,code,5090,1,
b24d6ed7,Pinball,basic,130,1,matched
b250abd5,Sql7,str-array,3526,4,
b27196b1,850201CI2,code,9740,2,
b27f8804,pseudo,basic,2181,1,
b28e224e,a4,font,768,1,
b29dccc1,MSCRIP,code,10000,8,
b2b474fa,headreader,basic,1246,2,
b2cafd0d,SCRAMBLE,data,768,1,matched
b2d6dd1b,INPUT,loader,350,1,
b2e0a0e5,var,basic,697,8,
b2e3ced5,038503,code,9245,4,
b2fa0690,Rocks,loader,1657,1,
b3107053,gertiemc2,code,848,3,
b31754b5,DEM60,code,4096,2,
b319cb41,nws2n2,code,4249,1,
b32392c5,vrsary,code,3136,1,
b336d64c,Life,basic,2392,3,yes
b34c7ca6,cnsgn2,code,4185,1,
b355b776,1weapo,str-array,198,1,
b358c25d,Sorting,basic,1760,3,
b35d2ef2,WUMPUS,loader,9525,2,matched
b35ea5e3,TASWOR,loader,5809,4,
b36423bd,TBLADE,loader,232,1,
b365c78e,CHARACTERS,basic,544,3,matched
b368de0e,COPYTEXT,code,3287,1,
b36ff7d9,larkcopy,basic,623,2,
b373e27f,HELP! HELP! HELP!,loader,2476,1,
b37d6a57,funy4-,code,8784,7,
b382f0ae,INIT,loader,2385,3,
b38c2b5b,Sprites 2068,basic,2923,1,matched
b38e4f77,DEM84,code,4137,1,
b39fa8d5,Hcode,code,2000,6,
b3a67f64,usrpgm,basic,804,3,
b3a95930,TSGLRY,loader,3469,1,
b3ad60d1,cnsn1,code,4249,1,
b3ba20e6,GYP10X,code,22036,1,
b3bbc962,tran1-,code,8232,5,
b3cdf034,MISC.,code,7190,2,
b3eaa4d7,HiC Librar,state,20480,1,
b3ed1c48,Post Mania,basic,20378,2,yes
b3f1941a,QRL,loader,2740,1,
b3f92829,freshn,code,1177,1,
b434e4e6,cnsn2,code,4249,1,
b43cce63,biograph,basic,11346,2,yes
b43dd4b7,Letteriter/Bufferiter,basic,1464,1,
b44fad1e,DEM64,code,4112,1,
b454c3e3,Tools,basic,307,4,
b46c4b68,21,code,4933,1,
b4929e5c,Bann 80col,basic,2655,3,
b4bb6a90,PAINT,basic,8894,3,yes
b4bc51f7,AUTOSTART,code,5037,1,
b4c24995,COPYII,loader,783,4,
b4decb22,LABELER,basic,964,2,
b4ec9842,face4-,code,9713,2,
b4fc6ca3,antatt,basic,41781,1,
b4fdc717,PSYCHIC,basic,1178,3,matched
b50f4499,SHKSPR,screen,6912,2,
b51819dc,READ&SPELL,basic,828,3,matched
b5272257,nws211,code,4224,1,
b527adb0,MORSE rev2,basic,1807,3,yes
b52db813,MoneyPail,basic,3247,4,
b5362d43,Ohm's Law,basic,1257,8,matched
b537c49d,cal&clk,basic,2766,3,
b54e2206,ctas,code,6199,2,
b56828bf,B/I guide,basic,3142,3,yes
b57a74f9,cd6,screen,6912,4,
b57ef9b1,TURIST,basic,13556,1,
b596042d,CAD3,code,18545,1,
b5a78144,Scode,code,19606,5,
b5b2e039,1,code,3428,1,
b5be5c63,BUBLOI,loader,162,1,
b5bed6b4,PHONE,loader,33433,1,
b5c5d9b9,letters,basic,3924,3,
b5d8d917,Chord,basic,231,2,
b5dae6c7,sine wave,basic,449,3,matched
b5ecb5aa,tomaha,basic,37938,1,
b5ecd3a4,character,basic,665,2,yes
b5fc08e8,ADD,code,192,1,
b61f5a62,readme,code,4224,1,
b62326c4,addresses,code,205,1,
b62ba213,DEM15,code,4112,1,
b62e5ed8,1,state,49664,2,
b630e9c5,Staron,code,43046,4,
b6351f29,hot z1,code,16488,2,
b63c8c4f,FORMAT,basic,2000,2,
b6406139,Mpg51,code,5850,4,
b64e79af,118802,code,3991,4,
b6528ba2,menu,code,7529,1,
b6584034,Sql2,str-array,3325,5,
b658c83d,078902,code,2224,4,
b65d1a21,ferry,basic,1977,3,yes
b667c04b,DTAPRT,code,739,1,
b6724f74,Hot-Z version 1.7,code,25600,1,
b6739705,M.Code Tutor 18-25,basic,2960,1,
b681994e,3Doxo C,code,1200,5,yes
b68550c1,Pg2,code,2793,1,
b68c9e46,face3,code,9193,2,
b6ace229,other docs,code,2119,6,
b6bbe3f9,head,code,757,1,
b6c01a80,DEM63,code,4112,1,
b6d1fd95,CHAR64,font,768,4,
b6d73832,UNARCH,data,8576,1,
b6d9e57e,PS/GE,loader,13978,3,
b6dc940f,+clight,code,1695,2,
b6df7088,Patterns 2,basic,472,2,yes
b6e249d2,misc5-,code,8185,2,
b6e9d5eb,File 4,code,24064,4,
b6eafbb8,ql-9,code,3904,1,
b6f1326f,PROFILE,str-array,324,1,matched
b6f19230,uqlbk,code,4249,1,
b6f6fc88,Zterm-64 version 1-2,basic,1774,1,
b7017e3b,mscript5.5,code,10000,2,
b7034c19,3AXIS,basic,1428,6,yes
b705c557,elliot,code,3328,1,
b7069740,mscript5.5,basic,3249,1,
b7150402,DEMO64,basic,7037,3,yes
b71871b0,nws3n5,code,4249,1,
b71d397f,b5,font,768,1,
b720a653,conv,basic,1402,3,
b723b3cd,readme,code,2526,1,
b72c8198,PART I,code,16128,1,
b72cd32c,Pitfall II,basic,781,1,
b73178b5,bankrec,basic,8343,4,
b734bb28,DIMOND,loader,13215,1,
b738c611,COPY 4,code,797,1,
b74b2b08,PCICONS2,code,30959,1,
b74d077d,muffin,basic,234,3,yes
b75a29bd,draw,basic,2680,2,yes
b7629aeb,+fraktur,code,2880,2,
b7703339,Tasword,state,49664,2,
b7741b41,Pg5,code,5793,1,
b77505aa,eb C,code,1636,3,
b77c9eaf,uhw090,code,4249,1,
b7896e39,BetaBasic3,state,49664,1,
b790035b,tran4+,code,7728,4,
b792398f,banal,code,719,2,
b79e2c44,uql/bk,code,4224,1,
b79ee121,Noel,UDG,256,2,
b7a5fd75,sprt2+,code,8336,5,
b7b1209b,inc trac pos or switch sides,loader,4708,1,
b7bfd2fc,traffic,basic,3561,3,yes
b7c06f09,CLENUP,code,2561,2,
b7cfb353,fastf,code,574,2,
b7d36cc8,socquz,screen,6912,1,
b7d41427,barbar,basic,41420,1,
b7ddea9a,NTNRTN,screen,6912,1,
b7e69eb9,copy3,code,832,2,
b7ea3f9f,block3,code,15232,1,
b7f9e256,FBv2,loader,2009,1,
b8013ffa,TRKSID,code,4018,2,
b8032f66,prt,screen,6912,2,
b8039cbe,BORDR4,basic,329,2,
b803f01c,certscreen,screen,6912,7,
b8079bd0,ql-2,code,3865,1,
b80bc4e9,deathmazeC,code,4400,3,
b81d5a93,g1,font,768,1,
b81dc2b5,ade1a,code,5533,1,
b82313bf,Bdesig,loader,7556,1,
b83048e2,Sql9,str-array,8450,8,
b83299dd,DEM12,code,4137,1,
b838688f,anim1-,code,8385,1,
b843f9d2,DEM55,code,4112,2,
b844d3be,!t/ibm,code,5082,2,
b8568d99,thief,code,819,2,
b86670f1,WORXs.SC,screen,6912,1,
b86d2a1c,ab,code,3644,1,
b86ebf13,tblade,code,49153,1,
b8799f12,anim1-,code,8385,2,
b8833d4a,PP-ICON-C,basic,504,4,
b884aa7a,uql/bk,code,4224,1,
b89415b2,mis26d,code,7088,6,
b89566fc,DEM38,code,4112,1,
b89bc054,flash,code,4249,1,matched
b8ad31bc,ICON-L,basic,1823,4,yes
b8b31abc,DEMO PAGE,code,22815,6,
b8b32cdb,worx1,loader,2683,2,
b8b44a97,misc9d,code,6379,2,
b8b5b883,PIANO FUN,basic,3265,3,
b8b99826,alt char,basic,1297,3,yes
b8bb35c2,catug6,code,3200,1,
b8cac380,LOADing...,basic,1196,1,
b8d6cd0c,DEM48,code,4096,2,
b8e4161a,CRSTY4,code,18176,1,
b8fdf899,AUTOSTART,basic,5089,2,yes
b8fe0419,letter,code,5456,4,
b8fead21,ani10-,code,5121,1,
b90e2ba4,GRAFX3,code,7517,2,
b90ff8bd,VORTEX,basic,8598,1,
b9128149,fanaly,code,1401,1,
b918c884,Titlemaker,basic,600,3,yes
b9196bc1,KING-KONG,basic,7151,4,matched
b91fe176,DISKS,loader,15108,1,
b924d3d1,icon2,code,7663,1,
b927ae27,ARTSTU,loader,170,2,
b92fe8f4,end,code,887,2,
b931032c,gazete,code,9942,4,
b94f76d7,TASFONT 0,code,9600,8,yes
b971a33a,rpt,code,6937,1,
b9733b4e,animate,basic,781,5,yes
b9774c18,MAE2,screen,6912,2,
b97b6e99,COIN DROP,basic,10329,2,
b97b9fc1,CATGAM,code,2101,1,
b97df111,assass,screen,6912,1,
b9818395,key1,code,24064,5,
b9828376,pete,code,3392,1,
b99b0c60,SHOW$,loader,1039,1,
b99d8f58,MEMORY,loader,185,1,matched
b9a42231,CONVERSION,basic,5422,2,yes
b9b7a592,GRAPHICS,basic,4460,3,yes
b9bcdc0f,alley,screen,6912,2,
b9c700c4,tran4,code,7753,1,
b9d31eb9,F,code,15404,2,
b9dab49d,*2068,code,4279,2,
b9dd28e0,DIAL,loader,3898,2,
b9e0e2fd,bxblck,font,768,1,
b9efb2ee,music,basic,700,2,yes
b9fabea6,arkano,code,49153,1,
b9fcef76,tips10,code,1600,2,
ba00bc9e,mis28+,code,8040,6,
ba09e3c8,snugme,code,704,1,
ba0a06b6,xmas2-,code,7880,7,
ba11c660,BanrDesign,basic,7355,4,
ba1b7d5e,evrgrn,basic,7806,1,
ba30f5d1,greeting c,code,784,3,
ba3a1e62,usa,screen,6912,2,
ba400384,SPCL,loader,385,1,
ba4bc5b8,spectr,basic,38513,1,
ba4fcf73,page1,code,3264,1,
ba87066c,ATTR TABLE,basic,372,5,yes
ba8fdd51,ABASHI,loader,9216,4,
ba8ff1df,nomore,code,4502,2,
ba932474,098807,code,7262,4,
ba986ce6,macro,screen,6912,1,
ba987707,prog 6,basic,965,2,
bab252d9,Daisy,code,16242,1,
bab6b9ab,CHEKRS,loader,5949,4,
babc4e3d,TREKSV,loader,5032,1,
bacd7a5c,colnam,code,1664,2,
bade8109,FORMAT,code,4224,2,
bae48340,GRID,basic,2571,2,
baee05cd,1917DOCS,state,49664,2,
baf49f64,mike09,code,8473,1,
baf74eda,smart text,state,49664,4,matched
baffa1d8,LOADER V,code,781,8,matched
bb19ebf5,1942,code,1216,1,
bb212859,INVESTMENT,basic,19351,3,yes
bb27bc2b,ml6,screen,6912,3,
bb311ce3,tss-4,code,3840,1,
bb405337,DEM12,code,4112,1,
bb426ac1,SOUNDESIGN,state,49664,2,matched
bb48b9c5,trksid,code,1536,2,
bb54a986,ESPANOLA,basic,14726,3,matched
bb590510,Xadom,basic,672,1,matched
bb685309,header,basic,1290,2,matched
bb6b9e02,WORDBUG,basic,24758,3,
bb6bd5f4,BANNER,code,24994,2,matched
bb7346b1,DEM8,code,4112,2,
bb7da2d5,DEM24,code,4112,2,
bb847c5a,laurie,basic,1958,2,yes
bb8582e1,22,code,5283,1,
bb9023e5,late06,code,4224,1,
bbadb084,nws2n6,code,4224,1,
bbaf0464,WORDSQUARE,basic,4187,7,matched
bbd79a30,date,basic,4404,3,
bbd7d677,phil,screen,6912,2,
bbd8c65b,l1,UDG,256,4,
bbe87cc5,MULTID,loader,986,2,
bc03332c,cnsn1,code,4249,1,
bc0b485e,ani11d,code,7672,4,
bc0b7c4c,CYBER,loader,2911,2,
bc0eb01b,ANALYZ,loader,16185,1,
bc1ee356,DEM21,code,4096,2,
bc26cb4e,16,code,5633,1,
bc29bc38,MYSMANORs1,screen,6912,7,
bc36bfcd,Uptr,code,5090,1,
bc3f0aa0,LK FORMAT,loader,3378,3,
bc4fe78e,tasprint,code,10823,2,
bc51daec,DEM26,code,4112,1,
bc709447,var,code,265,9,
bc725dc6,FLAWTBL,data,1408,1,
bc761905,FIRST,loader,781,2,
bc7bb379,Color Bar Test Pattern,basic,2464,1,
bc8284c8,TRANSLATOR,basic,1169,2,
bc8d8b28,macro2,code,1822,1,
bca2c23f,PRESS,basic,964,2,
bca48ea5,>CharsT,font,768,3,
bcb57024,e4,font,768,1,
bcbda380,lock,loader,3058,1,
bcbf63df,mterm2,code,1090,1,
bcc189eb,NMI-F,loader,981,1,
bcc33751,LETTER,code,20500,4,
bccb3621,ordfrm,code,4249,1,
bcd27b36,PAGE 1,basic,7083,1,
bcd870ec,BoxBounce,basic,1748,2,
bce13b20,GIRL22,code,6144,1,
bce6ef6a,MUSIcodes,code,11155,2,
bceb5b2f,Calender*2,basic,8945,3,
bcf30327,pp-font-dC,code,7139,5,
bd001c98,code!!,code,800,2,
bd07e7b0,4Xsidelodr,basic,3321,3,yes
bd148ec8,SIREN,basic,488,3,
bd29f1e2,-MS-TAS-,loader,2691,1,
bd30d766,SHOOTR,loader,17318,1,
bd4c7158,letter,code,5184,1,
bd4cf252,HR,screen,6912,2,
bd53f325,AUTOSTART,code,5089,1,
bd5760c1,cd2,screen,6912,4,
bd633d2c,dejavu,basic,41785,1,
bd76b4e9,Pg1,code,3153,1,
bd77e405,flash!,code,4224,1,matched
bd80f68d,MUSPLY,loader,1139,1,
bd9658b3,FIRST,loader,666,2,
bda1134d,Asteroids,basic,3960,4,matched
bdabf3df,Variable List,basic,5094,1,
bdb23412,villag,screen,6912,1,
bdbfa90e,l18,UDG,256,2,
bdc28c00,readme,code,4249,1,
bdd590a5,FUNC KEYS,basic,1075,3,
bdde158c,CATALOG,data,1792,1,matched
bde15ffe,Aercopatch,basic,2674,5,yes
bde24e37,Astronomer II,code,25600,1,
bdf96960,ELIZA,basic,8020,1,matched
be00c6d9,HUNTER,screen,6912,1,matched
be097eb0,MINIBT,code,1934,2,
be1ae139,recbad,code,1817,1,
be1c38b3,AUTOSTART,code,5089,1,
be1f52a6,HcodeF,code,2000,1,
be2a3f4e,spec32,code,11155,3,
be2b5676,spec26,code,11155,3,
be2f5663,ski C,screen,6912,3,
be3336a4,UDG,basic,7059,3,
be3c47dd,net worth,basic,4315,1,
be3cbc4f,clone,code,49178,2,matched
be3cfa86,LDR,loader,2095,2,
be430b0d,DEM78,code,4112,2,
be48a827,ANMATE,loader,599,2,
be536927,MSCRIPT V,basic,3607,4,
be57546b,message,code,8448,4,
be58de85,fairli,code,43046,1,
be6764f9,page2L,code,24064,1,
be6ac3f9,starII,code,49153,1,
be7178c9,PigSkin,basic,698,3,
be7dfe79,SHOW$,loader,1048,1,
be82e0ec,Block 12,basic,608,2,
be8fb27c,MENU,code,6937,1,
be9e2a1e,B-Jack,basic,3124,4,
bea28a88,CLENUP,code,2561,2,
bea5c5c4,MPD,basic,14837,3,
bea8e762,twtmld,code,7006,1,
bebdf4c9,MARLEN,screen,6912,2,
becbbc2e,MINED OUT,basic,24544,1,
becdf325,onceup,code,3392,3,
bed1bc96,mis25-,code,8840,6,
bed4b0a4,invada,loader,1496,1,
beedead0,xmas4,code,25,2,
bef706eb,AUTOSTART,basic,5012,2,yes
bef75412,Case Swap,basic,670,2,yes
befc6404,Mscript,basic,3566,1,matched
befd038d,page2R,code,24064,1,
beff7ae7,Turtle Hop,basic,2954,1,
bf02d2ba,catug5,code,3200,1,
bf07be9f,TS-2040 Word Processor,code,25600,1,
bf18a7cd,File0+2,basic,3010,3,matched
bf2674a8,RECCAT,code,1183,1,
bf280ef4,manual 2C,code,28140,3,yes
bf2c228d,QEM_zip,data,1536,1,
bf2f42b3,init,code,778,2,
bf30d80b,mis10d,code,6389,1,
bf325fe7,078509,code,5518,4,
bf3c2b07,MENU01,screen,6912,4,
bf3f8167,usw030,code,4249,1,
bf40974a,PIPELINE,basic,12359,3,yes
bf55800b,late06,code,4249,1,
bf560dbb,AUTOSTART,loader,3671,1,
bf6c11da,COLORSLASH,basic,571,3,
bf6ee0cc,Simon Says,basic,1009,2,yes
bf796466,helicp,screen,6912,1,
bf7a3225,Index 1,basic,37801,1,matched
bf7b8c5e,hday1,code,8601,2,
bf7f3936,Animal,basic,394,5,yes
bf814f16,TRKSID,code,4018,2,
bf83601e,messagebox,basic,1619,3,
bf83f9fa,RAINBOW,basic,1311,2,yes
bf881326,ALGEBRA,basic,549,5,yes
bfa6d493,colorbar,basic,342,2,
bfaf6cf8,Routines*5,basic,4253,3,
bfc0844f,ANIMALS,basic,37023,2,
bfd3e59b,cd4,screen,6912,4,
bfd48677,INS3,basic,7919,2,
bfd4a57e,TAPES,loader,7565,3,
bfeaf634,PAIRS,basic,17540,1,matched
c010988f,VC2LP,basic,1143,1,
c0130620,841102,code,12227,2,
c014e6ed,erase,code,1280,1,
c0196028,HANOI,basic,1467,3,
c0321854,Pg17,str-array,3464,5,
c0352536,Archie,basic,166,5,yes
c03e5eb6,wordsq,code,6507,1,
c04154e1,GAMES,loader,12788,3,matched
c0421a06,028505,code,14850,4,
c059020d,earth1,code,13184,1,
c0595d8f,MuQuiz,basic,2313,1,
c066d357,IO,code,25,2,
c06ce278,PARAND,loader,160,1,
c07e2207,GRAFIX1,code,8268,7,matched
c080ba90,FASTF,code,4874,2,
c084b9c6,ZTERM64,basic,1283,4,
c08f7391,AUTOSTART,loader,3824,1,
c0908932,B.P.Text,state,49664,2,
c090b8e8,animator,basic,1008,2,yes
c0936b1a,VUCALC,loader,1829,11,
c09b44f2,repp,code,15584,1,
c09dcd42,1,state,49664,1,
c0c500c9,GRFSHW,loader,5264,1,
c0ca6095,CATU94,loader,16462,1,
c0ccf5ba,AUTOSTART,code,5089,1,
c0d9ab20,uqlbk,code,4249,1,
c0e6f739,misc9d,code,6354,6,
c0fd685d,vc,screen,6912,2,
c102d4cf,if,screen,6912,4,
c10aae4b,QUICK,loader,906,2,
c111287d,3movep,str-array,5130,2,
c126e26f,Decathalon day 2,basic,1113,1,
c12a4c1a,ffresh,code,340,2,
c131fcf8,TheWORX,screen,6912,1,
c13ad33d,SPELLBUG,basic,11224,3,matched
c1439154,modem1,code,11392,2,
c15f5df1,BIGCHAR,code,407,2,matched
c1728115,cpr,code,4568,1,
c177e830,px,loader,4775,1,
c17c4367,Toolkit2,basic,2488,3,yes
c18929c3,fadeaway,basic,1883,2,
c18b5695,ADAPT,code,5533,1,
c1937651,loancompar,basic,1047,4,
c197f16c,*women,code,7998,1,
c1a15860,COIN DROP,basic,10329,1,
c1a7f5bc,SCUBA,code,3105,2,
c1b60152,aerco,code,12065,5,
c1bcdc39,MTERM,loader,712,6,matched
c1c3a0d6,glbfrm,code,28000,2,
c1c71ad8,COLIST,basic,10643,1,
c1cfbc30,CREATOR,code,12647,2,
c1dd0183,AUTOSTART,code,5089,1,
c1e44b06,CHECKDISK,basic,1507,2,
c1e9b272,pp 3.1main,basic,2377,1,
c1f2e7ba,AUTOSTART,basic,5089,6,yes
c1f71f36,ASTEROIDS,basic,6812,5,yes
c2014edd,cnsgn2,code,4160,1,
c20363bf,anim4-,code,9024,2,
c21c401e,Gdesig,loader,6195,1,
c21e6f3d,DEM51,code,4112,1,
c2222787,basket,code,49153,1,
c2260120,NEWYORK,basic,5307,4,
c22696cc,Block 6,unknown,3339,1,
c22822c8,DEM62,code,4096,2,
c22d7273,AUTOSTART,code,5089,1,
c232c163,paris,code,39578,1,
c2338e66,Tech Draw,state,49664,4,matched
c236808f,taswordo-l,code,10751,2,
c23c4e35,mscript503,code,10000,4,
c2462dab,erase,code,1472,2,
c247606a,engli2,code,2048,1,
c247c435,FROGGER,basic,7308,2,yes
c248fb18,tran2+,code,7552,7,
c256dae8,fishlo,loader,26592,1,
c258b5a5,STAMPS,basic,4957,3,
c25a2966,mike06,code,8473,1,
c265f5d1,DEM44,code,4096,2,
c26e0a74,hi res,code,6610,3,yes
c2839e09,INFERNO,basic,7391,3,yes
c286a252,Letter,code,2048,2,
c2960a62,tran1-,code,8257,1,
c29af938,dragon,code,6144,2,
c2a6ca0f,first,str-array,6008,4,
c2aae980,AL,screen,6912,1,
c2b5309a,janice,basic,11085,3,yes
c2b74ca1,PAGE 20,basic,7083,2,
c2bd21b5,CHKDSK,loader,2859,3,
c2cb7ea6,tss-5,code,3840,1,
c2cf702b,PRESS,loader,775,2,
c2d8384b,popupmenu1,basic,2097,3,
c2dbfd28,DEM22,code,4096,2,
c2ec870f,cnsn2,code,4313,1,
c2f2a7fd,BShips,basic,4707,2,yes
c308a062,t1,str-array,5258,4,
c309c504,Make UDGs,basic,3071,3,yes
c30bf359,unloader,basic,652,4,
c30d1aef,y(),num-array,6508,6,
c31531fd,ISTUGNAMES,basic,37814,1,
c31c2c00,DEM17,code,4137,1,
c31fb845,FILE0+1,basic,2853,7,matched
c323d384,uhw040,code,4224,1,
c3275578,readme,code,4249,1,
c327ae82,For The PC,data,64,2,
c33367ec,USERS,basic,513,2,
c337ccf1,*men,code,3798,2,
c34cd272,11,screen,6912,4,
c35afcc5,Twentyone,basic,23385,2,
c35b41d3,058905,code,3589,4,
c369fd25,VUCALC,loader,1838,1,
c36b39f1,steprt,loader,3332,2,
c37310f9,hex,basic,552,4,
c376a478,NMI-S1,loader,37224,1,
c37a3662,AUTOSTART,code,5089,1,
c3887ab5,Sample 3.1,code,24064,2,
c38a9825,ctas,code,12925,4,
c3977125,consgn,code,4224,1,
c3a1d90d,AUTOSTART,code,5089,1,
c3b9aaf6,QUIKCORD,basic,4120,7,
c3bb2b86,edt,loader,2444,1,
c3c2ca8e,catu92,code,3200,2,
c3c88e4c,Dta2,code,6379,1,
c3da3922,HALLOWEEN,basic,10452,1,matched
c3dea1cb,cassverify,code,385,1,
c3e37f61,Auto Maintenance,loader,2524,1,
c3e446c6,FIVEC,code,13824,1,
c3e8be50,mcloader,basic,1104,4,matched
c3e93b7d,Barry McGui. Boxing,basic,3247,1,
c3eded2f,BROOKE,code,6169,1,
c3f3644b,TASWOR,loader,5864,2,
c40123cd,Pg5,str-array,4038,1,
c4078917,avenge,code,49153,1,
c4096a71,Taswor,code,10751,5,
c417c025,BANNER,code,13829,4,matched
c4185815,Dbx,loader,3909,3,
c43320d8,spec36,code,11155,3,
c444bbcd,Froggy,basic,7762,2,yes
c44b5fc6,DEM68,code,4112,2,
c4502933,st1,basic,13701,6,
c4571086,rpt,code,5090,1,
c460a394,LO HZ2 4.0/4K/B,code,13638,2,
c4614abc,comp1-,code,7864,2,
c465d3e3,omdele,basic,44,1,
c46d4efb,README.BO Printed Circuits.,loader,5289,1,
c46e7b17,turboloadC,code,2068,3,
c4792091,repair,basic,9045,4,
c482cc19,sort,code,469,2,
c4886ed6,Wheel,basic,1280,3,
c48ecca8,WUMPUS,loader,10142,2,matched
c496cb16,SCROLL,code,38,2,yes
c4989d66,snug2,code,10496,4,
c49a6d49,15,str-array,4558,4,
c4a5b6f2,write,basic,3276,3,
c4b9d85a,GRAFX2,code,10134,4,
c4c1527f,DEMO,code,2978,1,
c4c5a611,cake.G,UDG,256,5,yes
c4c77e5c,DEM79,code,4112,2,
c4d5978b,graphics,code,136,2,yes
c4e843f9,8303,code,8034,2,
c4f36b44,The End,basic,11503,2,matched
c4f49e85,PIXMV,loader,597,2,
c4fd0257,Treasure H,basic,10126,2,yes
c509e66f,CREATE,loader,729,2,
c50abf8a,funy7d,code,25,1,
c50f88e5,ql-4,code,3737,1,
c5197cbd,math,basic,2314,4,
c5198d01,uswnov,code,4224,1,
c51c31bb,078903,code,1475,4,
c51fe10b,headln,font,768,2,
c5227eee,CATGAM,code,5115,1,
c524db2b,t2,str-array,5258,4,
c52d37bb,PC-Code sc,code,11192,4,
c5320287,EggSave,basic,4314,2,
c532fb23,J-UTIL,loader,4144,1,
c537010e,SHIRES,basic,14310,3,
c54e34e5,Mugsy,code,25600,1,
c54eaa4f,3D-LETTERS,loader,2342,2,yes
c558e44d,ManlAd,loader,32332,2,
c56453b5,#3&4,code,14016,2,
c566ce2c,canal2,code,49153,1,
c56b6191,mscriptl=o,state,49664,2,
c578f5b3,LSDLGO,screen,6912,4,
c57cd946,AUTOSTART,loader,3824,2,
c57d4466,BBhdr,screen,6912,2,
c5901ecc,GALACTOID,basic,164,3,
c5964072,!util,code,1071,1,
c5990eba,SHOOTER,basic,17256,2,matched
c5a379bd,Checkbook,code,24064,1,matched
c5bffd90,LORDMI,code,49153,1,
c5c34ff3,me 1st,code,4249,1,
c5cea2e3,HELP2-BBDOS,basic,11678,4,
c5d42b60,DFM ABC,basic,5933,1,
c5d72dc6,flash!,code,4224,2,matched
c5df4292,Hcode,basic,4910,1,
c5e4a50b,Wd Plays*2,basic,3997,3,
c5e6948b,Scroll,basic,853,3,matched
c5ed2c97,DEM32,code,4137,1,
c5f064d8,reccat,code,1420,1,
c5f69531,uhwmar,code,4224,1,
c60e5347,*PUZZNIC,state,49664,1,
c60f4a45,worksimul,basic,5047,4,
c615fccf,merrymusic,basic,3567,3,
c61f5c77,HOT Z1,code,20249,1,
c62092c5,078802,code,3180,4,
c62347ef,PixelPrint,code,7350,4,matched
c634eef4,2SCR,screen,6912,1,
c635e215,HITTER,code,6144,1,
c64380f7,anim8,code,7489,1,
c643c6dd,Bas2Txt.TS,basic,3038,2,yes
c64b8471,ltr-mc,code,1582,4,
c64dcf63,Store,loader,3409,2,
c6520676,Flight Simulator,code,25600,9,matched
c6558836,charte,code,7323,4,
c6628a28,CCATS2,code,6937,1,
c67353a3,DUKE,screen,6912,2,
c6780611,HEADER-,basic,881,3,yes
c683acdf,MOONBA,str-array,28,5,
c68ca6cc,pg,screen,6912,4,
c69b4c5f,DEM45,code,4112,1,
c6a2bc6f,FIRST,loader,785,1,
c6b4b41d,MUSIcomp,state,49664,4,yes
c6ba91f1,SPANTU,loader,17537,1,
c6be4915,draw,loader,2869,1,
c6cf2aa8,me 1st,code,4633,1,
c6d54c2c,Supercode Toolkit,code,25600,1,
c6dd6647,ZEBU38,code,5360,4,
c6e096bf,eskimo,code,43046,1,
c6e2c8af,PCICONS5,code,30959,1,
c6efcf82,NUMBER,num-array,5508,6,matched
c6fb4d98,TWIST,basic,3636,3,
c706ab4a,hot z1,code,19886,2,
c70a4848,Tasword Two,basic,1933,1,
c70d8f91,charsets4C,code,3105,5,
c714ae78,FONT 7,code,884,1,
c7180c7d,mscript5.5,code,10025,2,
c718184f,CASTLE,basic,28249,4,
c733c9ad,Death Race,basic,2207,3,matched
c740b432,Tape Utils,basic,2117,1,
c7444bad,ART STUDIO,state,49664,6,
c746b918,sprit3,code,6000,1,
c74a8bfe,ALBERT,screen,6912,2,
c74ce101,L/Print,basic,387,10,matched
c74dd834,boundr,code,49153,1,
c75ca131,QUICK SCRN,basic,926,2,
c761e7a2,inpt,code,3641,1,
c764d50b,cd7,code,5090,1,
c767a49a,SKETCH 15,basic,1877,3,matched
c78114f8,058903,code,3835,4,
c7853a79,CONCAT,loader,2925,2,
c788aaf3,CLENUP,code,2561,2,
c78fde32,Hunchy,basic,8987,1,matched
c790533d,038502,code,8386,4,
c7916492,surviv,code,43046,1,
c7a45e8e,c1,font,768,1,
c7ad8303,minuteman,basic,690,1,matched
c7c21add,mis24-,code,8369,2,
c7c3d850,Budget,basic,324,1,
c7cec240,058908,code,3236,4,
c7d2a956,ted C,code,900,7,
c7d502d0,ADRS1,loader,37804,1,
c7da6ca3,addition 1,basic,545,3,yes
c7dcbff8,2,code,4933,1,
c7f6227b,cat,code,1822,1,
c7fc439c,calSCREEN$,screen,6912,7,
c7fe5097,bships,basic,5556,2,
c80e71a2,+scribble,code,3168,2,
c815438e,wq,code,800,1,
c81ebe65,vgh2,code,20916,1,
c8266a54,bit-image,code,7271,2,
c83cd8cf,SAVER,basic,1628,3,matched
c83cef04,HUMORISQ,basic,4250,2,matched
c8423733,W Sorts C,code,100,7,
c848f7f1,!border3,font,768,6,yes
c84baeac,twc,code,10751,1,
c84dfe44,SET,code,4260,2,
c859e4b5,t4,code,5633,1,
c85b0979,Z-ROW,state,49664,2,
c85c082a,ICON-D,loader,1537,2,
c85d0fbe,>CharsW,font,768,3,
c85ec0b2,JSLMODEM,basic,2690,4,
c86591b4,MandyL,code,25,2,
c8680d99,ballbl,code,43046,1,
c86b72ec,Turtle,basic,548,2,
c86db148,DEM74,code,4137,1,
c8810d6b,4,str-array,4208,5,
c88aa71c,Sqp1,code,8908,1,
c88eaaf2,DEM50,code,4137,1,
c8940b01,cnsn,code,4224,1,
c8bceba0,diskfiler,basic,1223,4,
c8c2d9a6,VIDEO FILE,basic,4743,3,
c8c56b1b,OUAH!,loader,204,1,
c8cc9eb3,Editor,basic,2187,2,yes
c8d3b4e9,Gulpman,basic,5124,1,matched
c8dfa3d2,casscopy,basic,669,2,
c8e9249e,AUTOSTART,code,5089,1,
c8f32103,cartoon2C,code,1000,3,
c8f55cf8,cnsn,code,3840,1,
c911b09d,npt,code,6937,1,
c95be95a,DEM26,code,4096,2,
c9641202,COLUMN/3X,basic,921,3,
c96f463e,DIGITIZED,code,6064,2,
c973972a,FONT 13,code,6356,1,
c98c9b03,pyramid C,code,29440,1,
c98f1c74,com,screen,6912,1,
c9907775,CBalls,basic,5081,1,
c99bdbde,et,code,33456,1,
c9a9ef8e,ONE,str-array,730,1,
c9b0ce6b,AUTOSTART,code,5089,1,
c9b5d928,BEDIT,loader,6947,3,
c9bb73ba,AUTOSTART,loader,3615,2,
c9be6133,DISKSPEED,basic,1858,2,
c9c23b85,=ibm,code,802,2,
c9cb503f,Astro Blaster,basic,2940,1,
c9cf5c5f,CHRCTR,loader,528,1,
c9d27859,notes,code,281,1,matched
c9e62408,cnsn3,code,4249,1,
c9f01b27,GREP.DOC,data,4931,1,
c9fcdb5e,INVERSION,basic,2647,3,yes
ca15b649,SP Horsera,basic,4574,2,yes
ca18ec7a,vcT?,code,8256,5,
ca19633c,DEM20,code,4096,2,
ca235f29,F. Charter,basic,3049,3,
ca305298,CAD#3,loader,6353,2,
ca3243d4,PRCODE,code,1111,2,
ca3f4cf1,pentzy C,screen,6912,3,
ca45a404,D,screen,6912,1,
ca4648c0,DISKS,loader,12809,1,
ca57c73e,BIOGRAPH,basic,2423,6,
ca6a5373,T/SNUG,loader,9227,1,
ca74ec9a,DEM29,code,4137,1,
ca77b69a,QUIZ,loader,378,2,
ca7e72f9,Canada,basic,11458,2,
ca857b64,vc,screen,6912,11,
ca87fa01,mis25-,code,8865,2,
ca973352,XMSLBL,loader,10142,1,
caa39cb1,MUSICALBUM,state,49664,2,
caa74457,GIRL1,screen,6912,1,
cab01d86,DEM37,code,4096,2,
cab104ec,XMSLBL,loader,10155,1,
cab4ccd1,mike's,code,8448,1,
cabc6f36,Housmp,screen,6912,1,
caca664b,BORDR3,code,192,2,
cacb3a2e,hot z1,code,17406,2,
cacd5ce4,PIXELPRINT,code,11800,2,matched
caceee96,tss-11,code,3776,1,
cacf4914,FRESHN,loader,1135,4,
cada1a8b,Email,str-array,21605,2,
cade3a5a,consgn,code,4224,1,
caec8ba2,CLENUP,code,2536,6,
cafd7380,copy3,code,617,2,
cb045c1e,karate,code,49153,1,
cb049202,LKEBCR,code,7304,1,
cb17f7aa,MENU,screen,6912,2,
cb2be4e0,sidewy,font,768,1,
cb2d9df1,custtw,basic,3334,2,
cb33da70,test2,code,49153,1,
cb3b7f37,FIVED,code,13824,1,
cb3f55bc,DEM2,code,4112,2,
cb4507c6,Y(),num-array,6505,4,
cb4a8c86,"Games, 2",basic,2487,3,yes
cb6b3aca,DASC01,code,6937,1,
cb6c0046,T V,basic,2260,4,
cb7489f3,mefrst,code,4249,1,
cb859a87,PCICONS1,code,30959,1,
cb871890,D&G 4,basic,8072,1,
cb87b334,EYBYN,loader,3827,4,
cb97036a,comp2,code,8369,1,
cba0b3e5,SHOW$,loader,1080,1,
cba1fa45,keys4,basic,5422,4,
cbab27bb,uql/bk,code,4224,1,
cbb5fa76,HOT Z,str-array,150,1,matched
cbbcdfbc,header,loader,3798,4,matched
cbbe8b01,disklabel,basic,969,4,
cbc0bbbd,help24,code,12544,1,
cbcce116,Champion Football,loader,2435,1,
cbdf2419,DEM53,code,4112,1,
cc06ec8a,AUTOSTART,basic,5012,1,yes
cc142eac,brthdy,code,1082,1,
cc14b088,dbase1,loader,9570,2,
cc2a0c08,COPY 3,loader,4658,2,
cc32069d,uqlbk,code,4249,1,
cc333c6d,penetrator,state,49664,2,matched
cc4759a7,DEM67,code,4112,1,
cc5caac8,DEM13,code,4112,1,
cc68152d,DCKSHT,loader,3394,1,
cc6b7580,DEM32,code,4112,1,
cc75156b,I,screen,6912,1,
cc7f2557,twiddler,basic,4401,3,yes
cc835da0,AUTOSTART,basic,5089,4,yes
cc8facc2,dc,code,1822,1,
cc918a35,AUTOSTART,loader,3824,1,
cc92af09,DEM67,code,4096,2,
cc94ca5f,Starfighte,basic,3467,2,yes
cc963f03,help22,code,14848,2,
cca9dd47,bopeep,basic,5227,4,
ccaeca0e,Dta2,str-array,5090,1,
ccbd4129,Music 2.1,basic,342,3,matched
ccc4af63,Mterm Aid,basic,1148,3,yes
ccc98764,FONT-D,state,49664,1,
cccded6e,notes.G,UDG,256,5,yes
cccf50c6,DEM11,code,4096,2,
ccd2cc80,flash!,code,4224,1,matched
ccd89763,bs2txt,code,592,4,
ccef8a06,Rifle*,basic,11760,2,matched
ccf2b6a1,SOUND?,basic,785,3,matched
ccfa95ae,DEM76,code,4112,2,
cd1b7f61,DSKNAM,loader,3366,3,
cd248756,edit,basic,6607,2,
cd2b9282,readme,code,4288,1,
cd2d1702,wine.G,UDG,256,5,yes
cd33fd6b,ot,code,3644,1,
cd341c0e,PC-Printsb,loader,5834,4,
cd3c6adf,DEM35,code,4112,2,
cd4e73f1,videofile,basic,5355,4,
cd5034fc,colnam,code,1422,1,
cd53b3e9,men1,code,8729,1,
cd59a2e0,DRUG,loader,8543,1,
cd5b7c04,MSDOS,basic,4992,4,
cd762bdc,ZebraPaint,state,49664,8,
cd7f4b73,no8504,code,12656,4,
cd95af93,INTERE,loader,4588,1,
cd98d283,Diktr2,loader,36210,1,
cd9c4f25,Munchie,basic,3626,3,
cda33210,DISKS,loader,12809,1,
cda8b87d,DTAPRT,basic,714,4,
cda8ce2b,Trace,state,49664,2,matched
cdac8a8d,clenup,code,1241,1,
cdb3d0d5,line,code,6937,1,
cdc235fb,mus demo,basic,898,2,
cdc5596c,TypGB,code,6322,1,
cdcd6fc2,COAELD,loader,7198,1,
cdd35c6d,pc2,code,4249,1,
ce001d0d,odissa,code,16960,8,
ce1012e5,SHOOTER!,basic,17257,2,matched
ce2d124a,Msl40,code,4590,4,
ce32cf14,RSLOAD,basic,891,3,matched
ce3437ea,uqlbk,code,4249,1,
ce3744e6,Udbm,loader,23367,3,
ce4153b0,test,code,64,1,
ce4439e5,MOCOD.C1 J,code,9850,1,
ce4bb650,File 3,basic,524,2,
ce4e784d,varset,code,2586,1,
ce55a310,ql-6,code,3904,1,
ce5a1426,dsghn5,code,6000,1,
ce5e225a,CAD,code,32283,1,
ce6e1dc3,Genetics,basic,5725,3,yes
ce71c1d6,DEM88,code,4112,2,
ce7d5ed3,C,code,14436,2,
ce7dee2e,clenup,code,1216,2,
ce845c9b,9,code,5633,1,
ce8fe65d,TUNEBX,loader,199,2,
ce929007,COLNAM,code,2959,6,
ce9a0ba5,tsh-1,code,3904,1,
ceb3cd93,vera,code,11150,1,
ceb957ce,LONG WAY 4,state,49664,1,
cec15d68,VENUS,screen,6912,1,
cec32c06,menuload,basic,1524,2,
ceca8d6f,WORM,loader,5773,1,
ced15a39,Griffin,code,3584,2,
cedd53a4,baseball.G,UDG,256,4,yes
cee601b2,fac10+,code,8648,6,
cef57e11,fracthe,basic,13545,2,
cef92e33,PP-ICON,basic,747,4,
cf07825f,circuit,state,49664,2,
cf237126,SpriteDemo,basic,706,3,
cf29eb2c,DISASS,basic,6086,3,yes
cf3042ad,prrltr,code,11520,1,
cf3abdb9,mis27+,code,7344,6,
cf3c3e6a,animate,basic,4047,4,
cf5b22b9,ocean def,basic,6763,2,yes
cf6598c7,*misc3,code,17049,2,
cf74d975,Omnicopy II,code,25600,1,
cf926358,MScript,loader,2928,2,matched
cf994379,HOT Z1,code,22243,1,
cf9d96a7,CARD,code,38845,1,
cfa358af,MScript Intro-3,loader,5084,1,
cfb3a44b,mefrst,code,4224,1,
cfb5dc2e,Budget,state,49664,2,
cfc20ef0,MISSIL,loader,30511,1,
cfc2c5a7,SIGNDE,loader,1043,1,
cfc2de76,macro,code,1831,1,
cfc9eef0,AUTOSTART,loader,3824,1,
cfd179d9,DEM3,code,4112,2,
cfd36c82,DEM92,code,4096,4,
cfd6191a,AUTOSTART,basic,7512,1,yes
cfd7af21,038801,code,11410,4,
cfe4eeda,PC-DRAW a,screen,6912,4,
cfe9e158,Universe,basic,1348,3,yes
cfeaa61a,Plukkers H,state,49664,2,
cfed4395,blockman,basic,8199,4,
cff35cc0,SCREEN,screen,6912,3,matched
d00748fd,Chars,font,768,2,
d01e1fc1,mini-key,code,24064,5,
d028e63f,S. Attack,basic,973,3,
d02a33a4,cartoon,basic,4988,3,
d02b1342,028501,code,9739,4,
d030aec5,WP,basic,2031,2,
d03d70b1,TSARTB.OB,code,1276,1,
d03db94c,DEM31,code,4112,2,
d04143fe,m/j88,code,10872,8,
d04c6d4d,GRNTP1,screen,6912,1,
d078c1d0,DEM64,code,4096,2,
d07922a5,MUSICOLA,state,49664,2,matched
d0810976,GOLF,basic,10984,6,
d085babf,JFORM,loader,4931,2,
d086ba73,master,loader,2757,1,
d08c4e71,Wordpro,basic,6318,2,yes
d08c6747,$tdem1,code,17738,2,
d08ff444,Q,screen,6912,1,
d0913a82,invada,code,3165,1,
d09f1b81,COLNAM,loader,1338,3,
d0ab2df8,FIRST,code,15404,4,
d0b24471,DEM55,code,4096,2,
d0b33b23,Loader,code,393,2,
d0b70364,DFM ABC,basic,6167,2,
d0c55192,DEM57,code,4096,2,
d0d204f6,PAIRS,basic,12551,1,matched
d0ecc57f,=bold,code,802,2,
d0ef46f8,cobra,code,49153,1,
d101532b,SECRPT,code,3074,1,
d10bff36,Angels,basic,5768,5,yes
d10c2367,BShips,basic,5885,2,yes
d10d8381,DSKNAM,code,3391,2,
d1186606,BANNER,basic,3764,3,matched
d11c614f,MJ$,screen,6912,1,
d129211f,SPELLING,basic,7506,3,matched
d130012b,crypto,basic,1390,2,yes
d1341c98,DEM40,code,4112,1,
d14d7250,Monthly Budget,basic,2957,1,
d1551fb5,labels,basic,1211,2,
d1631818,AUTOSTART,basic,5089,2,yes
d16d3e17,betta,code,936,1,
d172b114,SHED,loader,1576,1,
d17697ae,graphics5,basic,280,4,
d17a4848,POLYNOMIAL,basic,2319,3,
d19ded95,PS/GE C,code,15500,3,
d1a32904,SCREEN,screen,6912,2,matched
d1a6a650,Cas Lables,basic,3318,2,yes
d1a72f93,fix these,basic,1231,4,
d1b0086d,ART7,screen,6912,1,
d1bc080a,3attr,str-array,648,2,
d1bec011,me 1st,code,4224,2,
d1ccf9be,prt,screen,6912,2,
d1d14b1c,CPYTapes2,basic,109,3,
d1d73d69,cnsn2,code,4288,1,
d1da01f2,6,str-array,7008,4,
d1dac5cf,STNOLI,screen,6912,1,
d1f1d3ca,copy3,code,642,1,
d1f7b3d1,FORMAT,code,2000,1,
d2000d01,DEM69,code,4096,2,
d2055f0d,bob1,code,142,1,
d21af755,prog 3,basic,377,2,yes
d237f41b,men61000sp,code,842,4,
d24798c1,clone5,code,2525,6,
d2534662,minibt,code,640,2,
d255029a,EXAMPL,code,16136,4,
d257c3e7,DEM28,code,4137,1,
d25927ee,MTOS,basic,1065,3,
d26039b1,DEM9,code,4137,1,
d2633549,FONT 3,code,5428,1,
d26d090d,747.C$   R,screen,6912,5,
d274c879,AF,screen,6912,1,
d2763ce0,$tldemo3,code,5159,4,
d27aed18,mis13-,code,7920,7,
d284edb8,vcT?,code,3166,1,
d289ccca,Music,loader,2795,1,matched
d294f590,TAPES,loader,10123,1,
d296f4b4,histo3,code,4518,4,
d297e3a0,ptr,screen,6912,4,
d29febf4,24pdd,basic,2049,2,
d2a3afc3,T/S Bulletin Board System,code,24064,1,
d2b3abd4,RPMPIP,data,6784,1,
d2b96f73,DEM84,code,4112,2,
d2bc7041,HEADER,basic,1905,8,matched
d2d7c4ef,DEM70,code,4096,2,
d2e97507,PHIL,code,34,2,
d2f76357,Mterm-80,basic,1138,1,matched
d2fdc5e3,25,code,6333,1,
d2fee137,BANKREC,basic,6433,3,yes
d2ffdd9b,misc9d,code,6379,1,
d300a49b,M5,code,6144,1,
d306d9a4,Galaxians,code,25600,1,
d30e15f5,MINOTR,code,152,1,
d30fb29b,uhw129,code,4160,1,
d318fd43,horserace,basic,4424,3,yes
d32585c8,belltower,basic,14513,4,matched
d3318b85,DEM2,code,4112,1,
d34578a9,MoneyPail,basic,2590,3,yes
d347365a,Beta Basic,basic,118,1,
d34f979b,MORSE,code,4428,1,matched
d350c022,mscripto-l,state,49664,4,
d3588d27,barb.rle,code,15486,2,
d362326e,MAX,loader,627,1,
d3687f15,ZASSEM.DOC,data,3530,1,
d368bd3f,DEM6,code,4112,2,
d37fc373,DEM49,code,4096,2,
d390fe6e,DEV-Assem,basic,13786,4,matched
d3a4becc,b3,font,768,1,
d3a6e7f5,face7-,code,9177,2,
d3b29613,Install the disk to be formatted,loader,3155,4,
d3b59090,budge,loader,16013,4,
d3be5f05,MScript,code,25600,1,matched
d3c0ef48,HELP! HELP! HELP!,loader,2479,1,
d3c536b4,LEM,screen,6912,2,
d3c5cf28,algib1,code,2944,1,
d3c6daf0,ql-8,code,3929,1,
d3cd4ac9,P-PCH,loader,29654,1,
d3dbf485,STRTRK,loader,33942,1,
d3eb5784,dsknam,code,1024,2,
d3eba0ce,DFM,loader,8637,2,
d3f0dd6f,starli,str-array,28,1,
d3f69c30,BYTPWR,loader,653,1,
d3fc4448,ade4,code,5533,1,
d3fc989c,BORDR1,code,192,2,
d407e981,empire,code,49153,1,
d40e3028,DEM71,code,4112,2,
d4102df2,cipher,basic,2341,4,yes
d416b301,MOVE,loader,4816,1,
d41d4e21,funy1+,code,8240,2,
d421b399,FILE+,basic,5651,4,
d43c9725,ALBUM,basic,1676,5,yes
d4441e1a,usw040,code,4249,1,
d4443961,DEMNUM,num-array,5508,1,
d44f050d,solitaire,basic,7526,2,matched
d46363c9,anim6,code,9001,2,
d464b72f,PERF,code,3935,4,
d46678ac,118401,code,10285,4,
d4690b20,Chars,code,5090,2,
d4893500,PROMPT,loader,5090,1,
d499aa05,ordfm,code,4185,1,
d49cd19c,nws2n7,code,4249,1,
d4bc399a,AUTOSTART,code,4912,4,
d4c011f8,NMI-F,loader,804,1,
d4c8fa29,RECOVR,code,5089,2,
d4d2e0b9,PARIS,loader,274,1,
d4d613b8,Sdesig,loader,17016,1,
d4db2982,BROOKE,screen,6912,4,
d4e8c89e,page6,code,7680,1,
d4e8da21,Pg21,str-array,3336,5,
d500ada2,se-kaa,basic,41724,1,
d50be5ea,PC-Draw sb,loader,4527,4,
d518ebd3,pccomp,code,4224,1,
d51ad971,64COL-P,basic,2074,7,yes
d5232143,readme,code,4224,1,
d5256fe7,dogpap,code,1216,1,
d527bab7,page5L,code,24064,1,
d534d2bf,batman,code,49153,1,
d53b00e5,basket,code,49153,1,
d53ed858,file1 C,code,650,3,
d5438b40,DEM23,code,4112,1,
d5470c08,B-Jack,basic,3080,3,yes
d553f3b3,DEM50,code,4112,2,
d56607d7,MOIRE,basic,460,2,matched
d56b4127,3D CHESS,state,49664,2,
d572ea97,Hcode,code,2000,4,
d5749528,MONSTER PT,basic,9764,3,
d58633a5,raider,code,8100,1,
d586f51b,FIVEG,code,13824,1,
d58f9d0e,3D TANK,state,49664,1,
d5961824,FIVEA,code,13824,1,
d5a6f16a,letters S,screen,6912,7,
d5adc517,Move,code,1000,24,
d5b423a5,MOVE,loader,4544,5,
d5bfb474,turnan,code,43046,1,
d5c74a55,uhw030,code,4249,1,
d5ceb2ba,studio_mc,code,30672,1,
d5d88c43,AUTOSTART,code,4512,3,
d5dbb454,ordfrm,code,4185,1,
d5f2a541,circlefill,basic,348,2,yes
d5f49e37,Gnd Attack,basic,8574,2,yes
d5fc5e65,HOT Z1,code,20960,1,
d5fff999,AUTOSTART,code,5089,1,
d6048ea2,WPR,basic,1943,3,
d60a3727,BBdemo,state,49664,1,
d6152a19,Defenda,state,49664,2,
d617d235,DEM46,code,4096,2,
d6192e56,aercodirec,code,1428,4,
d619873e,header+,basic,1498,2,matched
d61a1586,$HELP,code,11175,4,
d62a2406,gpad1,code,9000,4,
d62ba11b,1chars,str-array,4488,1,
d63c00ba,cnsn2,code,4224,1,
d658a868,DEM81,code,4096,4,
d65b38bc,CRSTY3,code,6144,2,
d65ea8d0,AUTOSTART,code,5089,1,
d6688ac4,AQ,screen,6912,1,
d66bef9d,aliens,basic,3286,5,yes
d6749a24,DEM57,code,4096,2,
d677824a,GAMES,basic,14419,2,yes
d68f1b19,barba1,basic,41420,1,
d6975019,bs2txt,code,592,2,
d69886b0,AUTOSTART,code,5089,1,
d6a217d8,tmaped,code,836,1,
d6a4945f,AUTOSTART,basic,5089,2,yes
d6a4ee42,men7d,code,7112,6,
d6a73ad8,*veh3,code,4570,2,
d6b32bfd,SPECGAMES,code,4888,1,
d6b873eb,NEST EGG,basic,5010,2,matched
d6ca85a5,om2,code,49153,1,
d6d31bdf,UPLOGO2,code,6144,1,
d6d57cc9,clone1,code,2219,2,
d6edc5ec,R,screen,6912,1,
d6f7b7d9,pc291,code,4249,1,
d6ffad43,078908,code,3367,4,
d704888e,Block 7,unknown,20035,1,
d70eacf5,Hcode,code,2000,1,
d72456d9,init,code,960,2,
d7277d91,TUTOR,code,63489,1,
d73b5374,prog 4,basic,568,2,
d73dd7a1,DEM61,code,4096,2,
d7482e3b,tss-6,code,3776,1,
d74bebbe,rocket,UDG,256,2,yes
d74bff8a,prog 1,basic,730,2,yes
d750cd12,CATGAM,basic,5090,2,
d752475c,WRITTEN BY KRIS BOISVERT,loader,1121,1,
d765e12c,DEM29,code,4096,2,
d765e3d6,HARM_A,code,12187,1,
d76f9ad2,E,str-array,295,1,
d7712c1f,Sql3,str-array,1642,5,
d7723f39,mis16d,code,6525,1,
d7797192,sr,screen,6912,1,
d77f3397,Raid Over Moscow,code,25600,1,
d786af22,Pg72,code,4233,1,
d78ef916,banner,basic,2717,2,matched
d79abb17,*misc1,code,15376,1,
d79f406c,help,code,576,1,
d7a3e1da,calendrFSQ,code,674,19,yes
d7a68880,UPLOAD2000,basic,1974,2,
d7abade8,ghw-7,code,3904,1,
d7c61690,HEADER,loader,1756,4,matched
d7d5b1bf,Chars,code,5090,2,
d7db294e,Splatt,basic,4784,1,
d7e26e88,3,code,49689,2,
d7e67cf7,MOVE,code,6083,2,
d806ff2c,DEM8,code,4112,1,
d80928e3,DEM9,code,4112,1,
d80949db,1,str-array,4348,2,
d80a97f5,musico,code,13140,1,
d80aef03,ptr,code,5482,1,
d80f5ef1,ap8502,code,15810,4,
d8101e6c,FORMAT,code,2025,1,
d8168da7,5,str-array,5258,2,
d8230f6b,DEM33,code,4096,2,
d83301aa,PRINT,loader,8582,3,
d83d3b43,PHILIP,screen,6912,1,
d83da4c7,CLENUP,code,2536,6,
d83f0e7c,Sql5,str-array,6305,4,
d8482468,ERASE,loader,1327,3,
d8589b75,prodig,code,49153,1,
d859c546,xmas4,code,8217,1,
d85f59c8,WRDPRO,loader,1396,1,
d865c333,SCROLLS,basic,2106,3,matched
d86cc551,3,code,4233,1,
d875aeeb,REBELS,loader,524,1,
d8865b35,ListPhone,basic,6646,2,yes
d88cf4d6,movie 1,str-array,10003,5,
d88eac66,Zaxxon,state,49664,1,
d89e116a,tss-16,code,3712,1,
d8a3b33d,sort,code,494,1,
d8b0a1e9,3DMINOTAUR,basic,317,3,yes
d8be33ed,HEX TO DEC,basic,349,2,
d8c090cf,Tic-Tac-To,basic,5612,2,yes
d8c10afa,tss-17,code,3801,1,
d8d8cfd6,PmodE,str-array,248,2,
d8f983e7,onedr,code,2392,1,
d903b956,RECCAT,code,3923,2,
d92967a0,ZX81update,code,4290,2,
d92afcae,mike09,code,8448,2,
d92c0603,HEXLOD,loader,1089,1,
d9304e7c,header rea,basic,2238,2,yes
d9363583,1attr,str-array,648,1,
d93c5111,uhw010,code,4249,1,
d93e6c8a,SPterm.B+,loader,3419,2,
d94be4ad,QBERT,basic,7093,6,matched
d9585e0e,tabc 64,code,176,3,
d96caa16,net worth,basic,4315,2,
d96f2ac0,AUTOSTART,code,4512,1,
d975ca37,funy6+,code,9168,4,
d97a4e3b,DEM5,code,4096,2,
d986b28d,PC-Draw,loader,6005,4,matched
d992c45f,qc2,screen,6912,8,
d9a18854,MOVE,loader,4543,4,
d9ab73d1,2movep,str-array,5130,1,
d9ae63dd,readme,code,4249,1,
d9b4a631,Pg60,code,4129,1,
d9b5f1d1,CHOOSE FUNCTION,basic,35789,1,
d9c8f65c,DEM75,code,4137,1,
d9ea3502,USING,code,5090,1,
d9ea407e,head,code,921,1,
d9ebfe51,DEM8,code,4096,2,
d9f11443,Hunchy,basic,8601,3,matched
da020506,Pg70,code,1533,1,
da03566f,Guadalcanal II,loader,2459,1,
da0471d4,BRDFSH,code,6144,1,
da18459b,DEM25,code,4112,1,
da20def6,Char lttr,basic,6273,3,
da30b416,toolkit2 C,code,2019,7,
da3b3a08,CHARTS,loader,8668,1,
da6da167,DATES,basic,496,3,
da76b0b4,eagles,code,49153,1,
da7db553,whale,code,281,1,
da8d9416,uqlbk,code,4249,1,
da8ea335,memory mat,basic,3821,2,yes
daa5b3dc,ani11d,code,7697,1,
dab7f4e5,5,code,4933,1,
dab9a9df,anim5-,code,7848,2,
daca3804,RLE,loader,2678,2,
dacfbd55,TRASHM,loader,160,1,
dad014ef,DEM42,code,4112,1,
dada3b53,DEC-HEX,basic,683,2,
dae066f3,dbase1,loader,10902,4,
daf6f36a,EBCODE,code,1636,2,
dafb58cb,DEM10,code,4096,2,
db053455,REMIZE,basic,9166,2,yes
db06a084,qm,screen,6912,2,
db284b7e,DEC TO BIN,basic,262,4,matched
db2a6322,SHPATK,loader,977,1,
db337068,boot,code,1140,1,
db3f66c6,Monster,basic,4548,2,yes
db432264,hooksT,code,10624,1,
db43eb94,T/SNUG,code,241,3,
db464b9f,AUTOSTART,code,5089,1,
db4aeb53,DEM15,code,4096,2,
db4c6984,sts,screen,6912,4,
db5e6db1,P,screen,6912,1,
db7bb8d7,SNA2JLO,code,1269,1,
db8940e5,MINOTR,loader,721,1,
db8efe5e,SYNX,basic,638,3,
db9ac05b,World,basic,77,2,
db9df243,4RTH DISC,state,49664,1,
db9fa64b,Labels,basic,1007,1,
dba7204a,LAND1,code,6144,1,
dbac341e,118808,code,4081,4,
dbaed462,keys2,loader,9017,4,
dbb2cc64,018301,code,8506,4,
dbb544c4,MOVE,code,5593,1,
dbb86974,RAMDIZK,basic,94,6,matched
dbc16f21,IRISHLUK,basic,2278,3,
dbc5a8dd,xx,screen,6912,1,
dbc7227b,ordfrm,code,4224,1,
dbd04c29,ordfm,code,4224,1,
dbe9d228,BOXLABEL 2,basic,3048,3,
dbecbef3,EXP,basic,1860,3,
dbef3553,BIO,basic,6540,4,
dbf9b7c7,L&K,basic,1161,3,yes
dbfe745f,Bio-Graph,basic,3117,2,yes
dc043e52,DEM55,code,4137,1,
dc1e9e3e,DEM72,code,4137,1,
dc3cc1dc,sound,basic,12947,2,matched
dc50d762,FTRKSD,code,4806,2,
dc515a20,fishlo,code,168,1,
dc65b15b,FRESHN,code,1161,1,
dc6b5482,taswi,code,1481,1,
dc9aefbe,rename,code,1218,1,
dc9f71f4,exp$4,code,1121,4,
dcb490e0,SQUAW-T,loader,4411,1,
dcc60e68,text1 C,code,175,3,
dcd7acf7,Hex Loader,basic,1130,2,yes
dcdbd04d,21,str-array,4908,4,
dcdc9bbe,TED,data,512,1,
dd07bdaa,JAPGRL,screen,6912,1,
dd1c2c36,078508,code,13954,4,
dd212c88,Spectron,state,35840,1,
dd2e6bdd,FORMAT,code,4199,6,
dd386251,whale.G,UDG,256,5,yes
dd387906,EDITOR T,basic,960,3,yes
dd455b52,mis29,code,7577,1,
dd50e5d5,Tennis,basic,7208,3,yes
dd526d6a,mscript5.5,code,10000,6,
dd6a671d,FILE_DEX,basic,4957,5,
dd785c67,men1+,code,8704,6,
dd7f5cff,FISHIN,code,6144,1,
dd832f35,alien,basic,3295,3,yes
dd8995db,word 1.6,basic,13859,2,
dd899b12,doctor,basic,13316,1,
dda6984d,SuperCalc,basic,2944,2,yes
ddaec456,Mzrt,basic,7709,6,yes
ddb0acda,cd6,code,5090,1,
ddb49f3a,7,str-array,4208,4,
ddb89cda,budge,state,49664,4,
ddc6d95a,PIXELP,code,11800,1,
ddc9aa35,ROCKETMAN,basic,122,2,yes
ddd3433c,snug2,code,3059,4,
ddde3016,KRAK*2012,basic,14267,3,
dde9d429,$files,code,6685,1,
ddf21285,cnsn3,code,4249,1,
ddf821e6,prog 9,basic,526,2,
ddfa9e29,TAPEXL,loader,1855,2,
ddfe8aa7,BBletter,code,5888,1,
de06c6b1,cnsgn2,code,4185,1,
de1009e5,tsartb,code,1276,3,
de133156,DEM65,code,4096,2,
de1e8a74,chessm,code,165,1,
de21236f,078904,code,3948,4,
de25108e,SQUATIMSCR,screen,6912,1,
de39e0eb,TOOLKIT,loader,4862,3,matched
de524327,tomaha,code,49153,2,
de552ac9,GRAFI2,code,5945,1,
de6076f3,COPY 4,code,4156,6,
de723e5c,mterm2,code,9216,1,
de79770c,janice,basic,11100,1,
de90e4c1,DEM58,code,4137,1,
de92d8af,canal1,code,49153,1,
deb042ac,BREAKOUT,basic,3190,6,matched
deb2abf4,CAT94,loader,16501,1,
debcaa80,hday2,code,8809,1,
debcbdf9,fairlt,code,49153,2,
decd2b84,118805,code,4193,4,
ded9b53e,HEADER-,basic,940,2,matched
ded9d239,24,str-array,5090,1,
dedc5315,DEM22,code,4096,2,
deeaded4,DISAZ3,loader,10237,1,
df00ba07,hrmoon,screen,6912,1,
df08ceef,gameov,code,49153,1,
df0cd47a,Hcode,code,5090,1,
df1176d6,MANIMATION,basic,8745,4,matched
df23575d,RLETMA,loader,2196,2,
df26824b,Hcode,code,2000,2,
df2adf88,mis19+,code,7152,6,
df2e11fe,FASTF,loader,4849,3,
df366781,taswordl-o,basic,5884,2,
df36a962,FRESHN,loader,1136,2,
df3a3177,onedr,loader,1825,1,
df3c8428,kbK bP channels!,basic,37770,1,
df4bc54d,QUIZ,code,24415,2,
df57feb2,THIEF,loader,2715,3,
df5c8c97,Memory Test,loader,2973,1,
df60700a,The Last Word,basic,2247,1,
df677391,TWII,loader,6183,1,
df83000d,Loader IV,code,24064,1,
df8733f1,pentzy,basic,20420,3,
df965c87,archie C,code,28570,5,yes
dfb3110e,LKEBCR,loader,29312,4,
dfc0131e,AUTOSTART,code,5089,1,
dfd25208,DIFFB,data,1024,1,
dfd3d7d9,usw119,code,3673,1,
dfdabee8,pccomp,code,4249,1,
dfe87226,highfr,code,49153,1,
dfe90dba,castle,basic,25783,3,
dff435e4,testpatter,basic,1218,2,yes
dff47734,names,code,1152,4,
e0049854,las vegas,basic,9660,4,
e0381f60,cd8,screen,6912,1,
e03f9a2a,prog 4,code,300,24,
e044bc54,FANALY,loader,6710,3,
e04816cd,Xlate.SPX,code,567,2,yes
e04f6ccb,AH,screen,6912,1,
e0646180,+m0,code,778,2,
e06c06f4,pingpo,code,49153,1,
e06c3692,HARM_D,code,12067,1,
e06df592,sprt5-,code,7712,6,
e070d7a2,funy5,code,8017,1,
e075e478,bujJx,code,2944,2,
e07648d1,DEM35,code,4096,2,
e07a97b6,ordfm,code,4249,1,
e07b4a75,CALORIBURN,basic,3649,7,matched
e07e726f,a2,font,768,1,
e084f448,Ant Attack,basic,1224,1,
e08fb716,Flying Formula,loader,2521,1,
e09c1752,GLOBE1,loader,341,1,
e09dfd1a,flying C,screen,6912,3,
e09e2fb9,uhw119,code,4160,1,
e0a55b18,page3,code,7744,1,
e0b8c43c,graphic,basic,837,2,matched
e0be46bd,Flow Chart,basic,2253,6,matched
e0c02495,oligersafe,code,6159,2,
e0c54cfd,funy6,code,9193,1,
e0c91238,README,code,4575,2,
e0cd6a53,labels,loader,1339,2,
e0d17394,*misc5,code,10297,2,
e0d1fc2f,Home Base,basic,4841,3,
e0de7a93,SuperCheck,basic,2248,2,yes
e0fd0e3b,Easy Edit,basic,12304,7,
e1071bf3,bio pt2 C,code,32344,3,
e109d993,HIGH,basic,30668,4,
e10ba410,chkdsk,code,512,2,
e11d239d,S1,basic,3029,4,
e11d7efc,HELP,basic,1678,4,
e1239c19,850101,code,10508,2,
e126b0c7,COPYII,code,3761,2,
e12c475d,tapesched,basic,1198,4,
e12cb6d4,FIVEF,code,13824,1,
e13816a7,-bold,code,3733,2,
e13cdf58,boot,code,136,2,
e14b69e6,me 1st,code,4633,1,
e157f812,File 6,code,25600,4,
e1673505,COMICS,code,3496,2,
e16a3660,ZTALK,loader,3479,1,
e17b45e6,tss-1,code,3712,1,
e1802581,DEMO ALBUM,state,49664,2,
e1872467,men4,code,8257,1,
e188c186,SURGE,basic,789,3,matched
e1a29afd,net worth,basic,4315,1,
e1a8ef63,F1040-87 1,basic,33576,2,yes
e1acb091,Saver code,code,472,3,
e1af3289,Pg60,str-array,4104,5,
e1b04cb0,BORDR2,basic,340,2,
e1bc524a,ARTWORX#2,code,8192,1,matched
e1c6d3a8,stencl,font,768,1,
e1c8fe4a,PRESS,code,12946,4,
e1ce5459,TOWER,basic,7359,1,
e1ced8bf,BRIDGE,basic,6704,3,matched
e1d13b76,FRESHN,code,2317,2,
e1d49c19,TUT-2,loader,28971,1,
e1dd6e3c,flash!,code,4224,1,matched
e1e36f18,MOUNTIE,basic,1847,3,yes
e1e545e1,GULP,basic,4225,4,
e2052efe,tashlp,code,18688,4,
e20b1935,help23,code,8512,1,
e218b167,adventure,basic,7870,5,yes
e218ca77,mis15d,code,6878,7,
e227f497,DEM68,code,4096,2,
e22b3dff,doodlejoy,basic,973,4,matched
e22edf3c,AUTOSTART,code,5089,1,
e235470b,CALNDR,basic,8553,1,
e2397613,PIONER,screen,6912,1,
e23f381c,WUMPUS,code,10181,1,matched
e247a938,Flash,basic,4419,3,yes
e247c36a,RLE,code,400,2,
e2487bcf,Bubloid,state,49664,2,matched
e2562ca9,MAGNIFY11,basic,2266,3,yes
e256945d,victor,num-array,76,1,
e26c62e1,notes,code,1945,1,matched
e26db12e,art 2.27 D,code,168,5,
e27b96fd,747.B1   R,loader,332,5,
e281c800,Tasl1,code,8320,1,
e282974a,Dbx,loader,3979,2,
e296b386,AutoGrafix,basic,8042,5,yes
e2bede91,tsh-1,code,3929,1,
e2d6f7d8,UDGS,code,4684,1,
e2ed2bc7,xmas3,code,7905,1,
e2eea925,glbtrn,loader,2519,2,
e2fe511e,MultiTask,basic,448,3,yes
e31794f2,misc8,code,9001,1,
e3185e66,histo1,code,6269,4,
e31af59b,Udbm,screen,6912,1,
e31b9433,A,str-array,324,1,
e31ddc2a,850401,code,13507,2,
e321d426,FLECHO,loader,528,1,
e33816a7,tran5-,code,25,2,
e3589ac6,DISKS,loader,12809,1,
e359e796,BYTPWR,loader,642,1,
e38207dc,PP-LOGO,screen,6912,3,
e3904ad3,SN84,code,5061,2,
e390d612,ani13+,code,7584,4,
e3932fc6,tss-15,code,3737,1,
e39d5013,AUTOSTART,loader,3615,1,
e39fd8f7,v2,code,1776,1,
e3a8216f,DEM18,code,4096,2,
e3ba41d0,PRESS,code,30039,2,
e3c1075e,t1,str-array,168,1,
e3c24b40,Charsets4,basic,1458,2,
e3cde35a,EnvGen,basic,953,1,
e3e0d7f0,BUS STATS,basic,4539,1,
e3ebad8c,W Sorts,basic,1503,3,
e3f22d1d,DEM51,code,4096,2,
e3f329df,CHRCTR,loader,612,1,
e407ef07,ICONS,code,27887,1,
e40b2e28,DEM72,code,4096,2,
e41d48e1,Message,basic,917,3,yes
e42968a2,m5text,code,881,2,
e42ff6f3,mscript5.5,code,10000,2,
e431d808,wdpro,code,1402,1,
e433ac69,tinyboard,basic,30169,2,yes
e43a0f37,FIRST,loader,780,2,
e44f8756,QRL,loader,2918,4,
e44faa23,*misc4,code,17466,2,
e452aa13,2,state,49664,1,
e4569caa,mis20+,code,8976,6,
e4605067,ab,screen,6912,4,
e46afef5,varset,basic,2561,8,
e4796adc,File 2,code,25600,2,
e4808a23,M.Code Tutor 1-9,basic,5087,1,
e48d6c4e,label2,basic,4288,2,
e4965c3a,SCREEN,screen,6912,1,matched
e496f550,messagebox,basic,1721,4,
e498b99b,VANCOUVER WA 98684,basic,25163,1,
e49e3cf7,biolo1,code,2816,1,
e4a219bd,DEM30,code,4096,2,
e4afcf20,bob1,code,1600,1,
e4bd681e,850104,code,8292,2,
e4bfbe9c,l6,UDG,256,2,
e4d94f99,RIFLE,basic,9903,3,matched
e4e6ceab,GRAPH SHOW,basic,35671,1,
e4ea8905,succes,code,3968,4,
e4f3fa9e,Hcode,code,5000,2,
e4f96a7f,gypsy,code,13536,1,
e4fc1061,oldcar,code,6144,1,
e4fcb14b,usdhwr,code,4224,1,
e503fb8e,01809,code,1809,2,
e5111ac6,timex,UDG,256,1,
e51fbc0a,Disass,basic,6436,4,
e523627d,Block 17,unknown,3633,2,
e523c0fc,GRAFIX,code,4856,6,matched
e5254eae,pp 3.1-C,screen,6912,5,
e5353532,FORMAT,code,4199,6,
e54d8350,cinfo,screen,6912,4,
e55601cd,PC-Print,basic,5851,4,
e563986c,skull,UDG,256,1,
e566b021,DEM18,code,4112,2,
e5723c0e,anthem,basic,3077,1,
e572ab83,shuttl,loader,24047,1,
e5765836,CAD,loader,22390,2,
e57e7c24,fclean,code,832,1,
e585b348,DEMO,loader,9085,1,
e587f23c,Sqp5,code,12220,1,
e59241b8,xx,code,5090,1,
e5a89c1d,boggit1,state,49664,1,
e5b376e9,TRIV PURS,state,49664,1,
e5bdd076,COPY 4,loader,771,4,
e5c26674,Advanced Fighter,loader,2446,1,
e5ce262a,KING-KONG,basic,7246,3,yes
e5d0465e,interchara,code,1827,2,
e5d146ec,HIEROGLYP3,basic,3140,3,yes
e5dc4137,3DTICTACTO,basic,8670,4,yes
e5e110a3,vars,code,173,5,
e5e90fc8,wmen2,code,7441,1,
e5edf399,db4,screen,6912,1,
e5edfc89,AUTOSTART,code,5089,1,
e5f9576c,otln,code,5090,1,
e5feb462,copy12,loader,4495,2,
e604cc62,4Xsidelodr,basic,6885,4,yes
e60b6a52,DEM53,code,4096,2,
e620225a,WHAT,code,1278,1,
e6217894,move,code,1945,1,
e6275539,HRHPHI,screen,6912,1,
e6304a47,Canada C,code,500,2,
e634cd27,fastf,code,729,1,
e63aa783,face6+,code,8856,6,
e63e1715,DEM37,code,4137,1,
e64067ce,E,screen,6912,1,
e649a3c0,DEM49,code,4137,1,
e64ea371,ghosti,code,49153,1,
e6557b9c,mis22-,code,8248,6,
e662fc69,HANGMAN,basic,6430,4,matched
e66db89b,WUMPUS,code,9550,1,matched
e66ec91e,vc104087tp,code,20474,4,
e6770c47,Purity,code,482,1,
e6772479,2weapo,str-array,198,1,
e67b46d4,DEM65,code,4112,1,
e67f8e9f,Draw,basic,3574,2,yes
e680510f,3D Starstrike,basic,901,1,yes
e68123c1,MERGE 1,basic,2958,3,yes
e6868986,recovr,basic,4903,2,
e68771e4,DEM85,code,4137,1,
e6995006,CAD,loader,22384,1,
e69d50f6,GRAFIX5,code,4126,7,
e6ae052a,DEM89,code,4112,2,
e6b6b2e6,ESYTYP,loader,788,1,
e6c01e33,Idaho Squa,basic,1219,2,yes
e6c5868b,Hcode,code,2000,1,
e6c9bb9c,psgdem,basic,8937,1,
e6ca9564,village C,code,8000,4,
e6dce3c4,face7-,code,9152,6,
e6dd53a8,Tas+,code,550,2,
e6ea7873,CAPITOLS,basic,5342,2,
e6f45df3,TAS2PRINT,code,11904,5,yes
e70678e5,Spectrum Draw,loader,3096,1,matched
e706fcf2,Mag File,loader,3866,3,yes
e70c38a2,pgn,code,1102,1,
e710b81f,MScript,code,100,2,matched
e71477d9,098800,code,10125,8,
e72228cd,ELIZA,basic,5740,3,yes
e7244fe1,Pro Prog,basic,7944,3,
e7267615,wmen1+,code,8128,6,
e728a441,tutor,code,24064,1,
e72a1f59,fshark,screen,6912,1,
e72efe48,CLENUP,code,1179,1,
e7314cf4,Vibrato,basic,316,2,
e7420e3b,VOWL&CONS,basic,1675,3,
e757d53d,YAGI,basic,8554,3,
e76b19cb,droppagesC,code,30000,3,
e76c1236,DEM74,code,4096,2,
e775334f,starst,code,49153,1,
e77929aa,tblade.D$,screen,6912,1,
e7808296,TWII,loader,6187,1,
e78199cf,tran5-,code,7832,4,
e78405e4,WORDBG,code,27945,1,
e788927c,multibase,basic,11909,6,
e78dd0d3,+title,code,2715,2,
e79fa054,DONALD,code,6144,2,
e7be38f6,Select Drive/sides,loader,4463,1,
e7c443a5,two,str-array,237,1,
e7cc6e64,cnsn2,code,4249,1,
e7cdf8cd,md repairC,code,5000,3,
e7da4803,c2,font,768,1,
e7e38c0e,mscript,basic,3029,8,matched
e7f38089,ftrksd,code,442,1,
e7f5ef4e,Pmacro,code,9420,1,
e8046953,Move,loader,4810,4,
e805cda4,DEM82,code,4137,1,
e80b2d50,AUTOSTART,code,5089,1,
e81fe683,HALLOWEEN,basic,10441,1,matched
e821dfa5,Music 2.1C,code,6223,3,matched
e82542a8,page3R,code,24064,1,
e82e9ab5,VERS_zip,data,1536,1,
e835d3b3,Laurie,basic,2010,3,yes
e837fa5e,funy4-,code,8809,1,
e846286f,BB,screen,6912,1,
e85272b2,ESYTYP,code,5187,1,
e85eb011,DW/DH,basic,1260,3,yes
e8720cb9,JC,screen,6912,4,
e880ba02,19,str-array,4208,4,
e89bbc2c,Into the Eagles Nest,basic,3247,1,
e8aa49bc,vf,screen,6912,11,
e8b33ef4,THE ROSE,basic,8960,7,matched
e8b701fc,menu,state,49664,2,
e8bcb0e9,BANAL,loader,1000,3,
e8d4e802,*clock,code,3480,2,matched
e8df6e8d,+city,code,2613,2,
e8eac4f1,funy2+,code,7608,5,
e8eee350,Block 21,unknown,20298,2,
e8f74c97,consgn,code,3584,2,
e8fac2fb,exp1,code,30000,3,
e8fff7fd,tom640,code,9729,1,
e907b088,consn2,code,4249,1,
e915d410,consgn,code,4224,1,
e92dcbb4,softclock,basic,1436,2,yes
e938e60b,centipede,basic,6467,2,yes
e938ec86,AUTOSTART,loader,3824,1,
e93936f3,TED,basic,1871,7,yes
e9398e12,Death Castle,basic,2075,1,matched
e943cf26,SPITFR,code,49153,3,
e94a6423,C&M/L,code,1540,2,
e95103f3,AUTOSTART,code,4937,1,
e961d4b5,DEM38,code,4112,2,
e9622d2e,LARKEN DISK UTILITY v1.2,loader,4012,4,
e966ad15,AUTOSTART,code,5089,1,
e9679804,DEM19,code,4096,2,
e96b258b,DEM44,code,4137,1,
e96c0482,smile,code,281,1,
e97d96ad,wespok,code,3968,2,
e983d15c,spe-1,code,3609,1,
e98ae31e,taswi,code,1492,31,
e99dece1,3girls,code,8704,2,
e9a2463b,GRNDPR,loader,162,1,
e9b1ae23,ARTWORX,basic,1645,1,matched
e9b410db,SWEEVO,state,49664,2,
e9b56ae2,amort,basic,1941,2,
e9c7f38c,BREAKOUT,basic,2028,3,matched
e9cc16f3,DEM52,code,4137,1,
e9cc6aea,$DFM,code,6035,2,
e9ee50e5,PAGE 11,basic,7083,2,
e9f08d4c,PARANOID,state,49664,2,matched
e9f552c4,fm,screen,6912,2,
e9f8b492,RECOVR,loader,862,3,
ea0898b5,fixit,code,13000,1,
ea127db5,CLOVER,basic,872,3,matched
ea12ae3f,tss-18,code,3737,1,
ea1c6794,e5,font,768,1,
ea2806de,fancyfonts,code,2863,2,
ea36fdde,ap8501,code,15810,4,
ea38e7f0,10,str-array,5090,1,
ea3e9855,alien,screen,6912,1,
ea41b104,Pg16,str-array,3336,4,
ea4285c2,ade4,num-array,5508,6,
ea450c93,AUTOSTART,code,5089,1,
ea474dac,crazyprinu,font,768,6,
ea598f75,Daisy,loader,29079,2,
ea5a27e5,STRPBJ,loader,37702,2,
ea60a094,BARDOT,screen,6912,1,
ea63b6b3,page1R,code,24064,1,
ea684a74,DEM1,code,4112,1,
ea686031,TED.DOC,data,7040,1,
ea9949e5,men2,code,8241,1,
ea9c15bf,INDEX CARD,basic,3143,2,yes
ea9e40d1,advftr,code,49153,1,
eaa0463d,+rlight,code,2091,2,
eaa4d9dc,food1+,code,7216,5,
eaac9e6e,ldr,code,781,4,
eaacb6e7,zap,code,8090,1,
eaaf2459,file1 C,code,650,4,
eabb5bbe,Secret Op,state,49664,1,
eabd78d5,078507,code,14018,4,
eac03cc2,init,code,15041,1,
eac55ddb,RLEPro,basic,1992,2,yes
eacf9e6d,AUTOSTART,loader,3616,1,
eaee041c,DEM27,code,4112,1,
eaf3002a,Galactic Monsters,code,25600,1,
eaf3fa69,menudemo,basic,572,3,
eaf44a31,LABELS,basic,6416,4,
eb16ad54,FORTRESS,basic,4505,3,yes
eb16c2e2,NAMES,basic,12631,1,
eb16f6c4,edit1,code,24064,1,
eb23e680,no8505,code,12656,4,
eb293f9c,Horace And The Spiders,basic,2664,1,matched
eb2fa423,AUTOSTART,loader,3646,7,
eb485061,LIN REGR,basic,3144,3,yes
eb4c62c2,engine,basic,3675,3,
eb587d39,xfer,code,70,2,
eb707c6c,astroc,basic,41972,1,
eb8d480b,HARLOW,screen,6912,1,
ebaa9a9f,pc1,code,4224,1,
ebc0cd8d,PP 3.1,basic,1946,3,
ebc8bad6,Watch,basic,2500,3,
ebd417cb,DEM68,code,4137,1,
ebd65ade,AUTOSTART,code,5089,1,
ebeb752e,nws3n2,code,4249,1,
ebfa463f,pdware,code,4249,1,
ec016d1e,L-phil,loader,204,1,
ec1c24f3,ttt,code,12253,1,
ec2231cc,Zterm,state,49664,4,
ec3620c3,granat,basic,41781,1,
ec3acfa2,invest/loa,basic,19944,2,yes
ec3f7a77,vgh2,code,20697,1,
ec530596,mc0291,code,4249,1,
ec93e12d,anim4-,code,9049,2,
ec982317,PSGE 32/64,basic,5250,3,
ec99c750,PUTSYS,data,384,1,
ec9a1360,face2-,code,9097,1,
ec9b3499,Pg20,str-array,3208,4,
eca268ef,l13,UDG,256,2,
eca636b5,PI2,basic,10180,1,
ecad4846,HUMORISQ,basic,4250,1,matched
ecb4faa3,mazede,basic,39758,1,
ecb9c981,POLYGONS,basic,477,3,matched
ecc2abf8,9,str-array,5608,4,
eccf198c,WEATHER,basic,15599,6,matched
ecdbf692,tss-3,code,3840,1,
ecef939d,ART1,screen,6912,1,
ecf1b6cf,aercodirec,code,1453,2,
ecf8447e,EASYtype,basic,5612,2,matched
ecfbe39f,mis28,code,8065,1,
ecfc8abc,tran3,code,6337,1,
ecfec26f,cassverify,basic,361,2,
ed042b72,animate,basic,4130,2,
ed04bfbe,DISKSPEED,basic,1858,2,
ed0c21a7,TMXON,data,512,1,
ed0e874b,ql-10,code,3929,1,
ed0f3731,PIXMVR,loader,218,1,
ed10466b,DEM9,code,4096,2,
ed15511c,TSART,loader,1435,1,
ed19972f,alimo,screen,6912,1,
ed1ad25f,HELP! HELP! HELP!,loader,2512,1,
ed2f090f,OligerSAVE /0,basic,4985,6,
ed3681d0,DEM56,code,4112,2,
ed3c4c62,cass1a,code,14546,1,
ed3dcfbd,consgn,code,4249,1,
ed63d1a0,SOUND EFFE,basic,3975,2,yes
ed6412c3,NMI-F,loader,804,2,
ed64b012,XCHANG_zip,data,130560,1,
ed6eb740,FRESHN,code,2317,2,
eda8134c,l19,UDG,256,2,
edc022a1,clone,state,49664,2,matched
edc6ede2,HELP! HELP! HELP!,loader,2495,1,
edf93b7e,chaos,basic,8662,2,yes
edfb67ab,xmas1-,code,8384,2,
ee09ab9c,Chars,code,5115,1,
ee10004d,interpo,basic,1880,4,
ee16a728,inc trac pos or switch sides,loader,4491,6,
ee1a29d1,astroc,screen,6912,1,
ee315810,*women,code,7998,1,
ee32e53e,*hands,code,4176,2,
ee341930,spread,code,3904,2,
ee484429,misc7-,code,8577,1,
ee590456,flyfor,code,43046,1,
ee61ad66,HEAD,loader,2105,3,
ee6ab845,MISILE,loader,29015,4,
ee6b222f,Dating Gam,basic,12716,2,yes
ee756a69,GRID,loader,1580,3,
ee7ff53d,pc0990,code,4249,1,
ee885cf6,ASSEMBLER,basic,9922,5,yes
ee8b154e,09756,code,9756,2,
ee96697a,DEM81,code,4137,1,
ee9f609b,Init,code,1282,1,
eed3cec5,FORMAT,code,6541,1,
eed91027,DEM83,code,4137,1,
eedf77d7,winkle,code,1728,1,
eee513ae,4,str-array,7358,2,
eee6a897,me 1st,code,4224,1,
eeec934a,ET,loader,117,1,
eefc2cd8,TIGER,screen,6912,1,
eefe59ed,Daisy,code,63940,1,
ef0f560a,copy2,code,1293,2,
ef1c96e0,*xmas2,code,4776,2,
ef1d097c,DEM122,code,4137,1,
ef1d57be,Char64,font,768,2,
ef2be734,CHESS,loader,146,1,matched
ef2ce811,RLEMST,loader,2905,1,
ef3e0a12,MSDOS,basic,4871,1,
ef56269e,ordfrm,code,4160,1,
ef5df5e7,078806,code,3908,4,
ef6062ec,rp,screen,6912,4,
ef6b06e3,Ad Astra,code,25600,1,
ef827a90,nws3n2,code,4224,1,
ef87a064,DRIVE?,loader,3556,2,
ef92c1fe,t2,str-array,168,1,
ef980f21,1917BATTLE,state,49664,2,
efa6229a,15,code,4583,1,
efb40626,Taswor,code,10751,2,
efb9137e,STICKS,basic,2188,3,
efc2bc9d,init,code,803,1,
efc7b92e,studio,basic,892,1,
efcd23bf,db1,code,1822,1,
efcd4767,DEM6,code,4137,1,
efce968b,flash,code,4249,1,matched
efd0aa69,DEM54,code,4112,1,
efdbe020,readme,code,5090,1,
efe64bff,Z8E,data,11648,1,
efe7ebec,BROOKE,code,6144,15,
eff19e68,CODE64,code,373,5,yes
eff90f50,smile.G,UDG,256,5,yes
effefd25,ICHING.SCR,screen,6912,4,
efffe3f7,TTT,code,2048,1,
f0061d3d,BUDGET,loader,1593,1,
f0083df1,BLOCKMAN,basic,7842,3,
f00a4b91,DFM ABC,basic,6167,6,
f017dd1a,olicopy,code,512,1,
f01b50c7,sprt3a,code,6000,1,
f01e5b65,Balloons,basic,6810,2,
f025af15,anthem,basic,3078,2,
f02a9f5b,AQUAPL,loader,780,2,
f02f763d,King Kong,basic,6864,3,matched
f0327548,BUDGET,code,8140,2,
f041dc55,ldissa,code,12121,4,
f0535e79,pix fix C,code,1544,3,
f056f781,wreath.G,UDG,256,5,yes
f0630f03,copy2,code,1625,1,
f063c69a,rose,code,281,1,
f06d2bb5,TSXMDM,code,537,2,
f06d8738,DEM82,code,4112,2,
f08e03d2,3,code,4233,1,
f08eda3c,2068 month,basic,1817,3,yes
f098b737,sports,screen,6912,1,
f0a646e0,850102,code,8672,2,
f0a94358,FRAME 1,code,2000,1,
f0c68532,anim2,code,9105,1,
f0d1ea77,sprt1,code,8289,2,
f0d483e5,olicopy,code,506,1,
f0dce7b8,Monopoly,state,35840,1,
f0decbe7,tsarta,code,20436,4,
f0df657a,word,basic,1229,5,
f0f336f0,piano,basic,2082,1,matched
f0f81b85,QRL,code,400,2,
f10efa3a,monsters,basic,2667,2,
f112559e,minotaur,basic,36873,2,matched
f114e47d,wine,code,281,1,
f1230f3f,DEM51,code,4096,2,
f12c22e6,Poker 1,basic,10359,3,yes
f1310c8d,tomorrow,basic,8348,4,
f1375abb,Block 50,unknown,26954,1,
f1391732,blackjack,basic,3148,4,matched
f139c631,addaccount,state,49664,2,
f13a3622,mscripprof,code,4407,2,
f1416044,GYP10X,basic,15295,1,
f141e9bb,Pool,code,25600,1,
f14b6a8b,fracthe,basic,10382,3,yes
f14dedd7,TWII,code,16988,1,
f150df58,mouse,loader,1782,1,
f151bf62,DEM12,code,4112,2,
f157d1ca,DEM3,code,4112,1,
f164305f,flash,code,3929,1,matched
f16be25c,bio pt1,basic,2383,3,
f1761c6c,WM,code,11796,2,
f17d6427,SEARCH,basic,1404,6,
f17ea876,ONE-LINE BIT IMAGE PGMS,basic,2018,2,
f18967f9,tss-7,code,3648,1,
f189b017,tss-15,code,3712,1,
f18cc93b,ql-2,code,3840,1,
f1945493,unifile,basic,33915,2,yes
f1b1cac5,usw050,code,4224,1,
f1b6ee90,K,screen,6912,1,
f1bb82b0,docto1,code,19225,1,
f1c18299,MemMon,basic,460,3,
f1c71a2f,MC Editor,basic,244,2,yes
f1c97e59,uhw080,code,4224,2,
f1cd1061,aftermath,state,49664,5,yes
f1ceec27,ed,screen,6912,2,
f1d114cb,ERRORS,basic,660,3,yes
f1db6afb,DICE,basic,531,1,
f1e2bda9,Udbm,code,10806,1,
f1e31ce0,DEM41,code,4112,2,
f1f62100,AUTOSTART,code,5062,1,
f1f96e09,mozart,loader,7623,1,matched
f20083b2,F1,code,15404,2,
f203d80d,kitchaos,basic,7723,8,yes
f20dea4b,studio_mc1,code,30672,1,
f219eb32,1992COVER,code,22817,1,
f21b0d27,TEXT,basic,14288,3,yes
f221526d,14,str-array,4208,4,
f22727e8,-roman,code,4023,2,
f2289ee4,RECBAD,loader,642,3,
f22d1a99,graphics,code,136,2,matched
f2300ba3,Inverted Display,code,25600,1,
f232beb3,Ptest,code,5533,1,
f23f61e1,11,code,6937,1,
f24e6585,mapout,code,713,2,
f25c9330,Wordcross,basic,13902,3,
f264d50a,mis11,code,7745,1,
f2748334,l22,UDG,256,2,
f278e25e,MINIBT,basic,1909,3,
f2836a1a,page5R,code,24064,1,
f2880348,TURIST,basic,13546,1,
f28c8dab,LITSHW,loader,720,1,
f28d1c6b,CASH pt1,basic,13192,2,
f28e5618,TicTacToe,basic,3829,2,yes
f2903079,Sql5,str-array,4575,1,
f2920ba3,cass3a,code,7121,1,
f2a01bd2,INS3,basic,14800,2,
f2a8ae9b,bbstax,code,4115,4,
f2bffa0b,TTUTOR,basic,5014,1,
f2c64276,pc990,code,4249,1,
f2c7b0e7,cd5,screen,6912,1,
f2e8be82,mname,code,24064,1,
f2fa0fde,mike06,code,8448,1,
f300aff3,readme,code,4249,1,
f30593f2,3D WORDS,basic,4940,7,matched
f307ed5b,DEM41,code,4096,2,
f30cbda2,uhw030,code,4224,1,
f30db739,line1,basic,2444,2,
f31c0459,ghw-4,code,3904,1,
f32b7e36,DISASSY,basic,5344,4,
f336742e,BOUNCE,basic,1938,2,yes
f337c4cb,tss-3,code,3865,1,
f33ae1b5,bnchmk,code,14400,2,
f3468811,GIRL3,screen,6912,1,
f35b7f25,BUDGET,loader,21586,1,
f362e149,CVRDBR,screen,6912,1,
f3698423,8,str-array,4558,5,
f382bcc0,AUTOSTART,code,5089,1,
f392399e,CATGAM,basic,2076,2,
f398b4bd,VC2LP,code,1342,1,
f399f5f6,men4+,code,8232,6,
f3b077e0,Banner,basic,2961,2,yes
f3b68bf0,MAGNABANER,basic,4340,3,yes
f3bc9ad1,15,screen,6912,1,
f3bf204a,SCALC,loader,26776,1,
f3d14f7c,bbs.doc 2,code,3853,6,
f3da137b,readme,code,4096,2,
f3dc10e4,TUTOR,loader,5663,1,
f3e94037,DEM3,code,4137,1,
f3ff95a2,tss-13,code,3737,1,
f4022de0,mscript5.5,code,10000,2,
f423fa85,pdwre3,code,4249,1,
f42f5375,108301,code,9056,4,
f446be48,edit6,code,20360,1,
f4510c1d,2occup,str-array,648,1,
f4635d7d,Copy Cat,basic,593,3,
f477726c,WESPPP,basic,4222,3,
f478c127,mscript5.5,code,10000,4,
f47a9aa4,Squash 2,basic,2180,2,
f47d3763,MARK-MOVE,basic,2092,6,
f48a78b0,Read_Msg,basic,1425,4,
f48be89a,Tasword II,basic,1280,1,matched
f49e7ab3,toolkit C,code,1350,7,
f4a04063,nws2n4,code,4224,1,
f4b3f194,DEM24,code,4137,1,
f4bad4e0,PS/GE 1/2,code,15500,2,
f4c8100b,Xadom Instructions,basic,2953,1,
f4d308ad,STOP IT,basic,701,3,
f4d4cae8,DEM33,code,4137,1,
f4f1f76d,FRAME 2,code,1024,1,
f4fa3e71,TRANSLAT,data,3328,1,
f4fdfd7e,SWARM,basic,7502,4,matched
f4ff2b75,J$E,str-array,248,3,
f51e2812,DSKNAM,loader,1002,3,
f52bd04f,om6400,code,9729,1,
f52cb5e4,tmaped,code,811,2,
f53d16c3,fanaly,code,1376,2,
f54a7540,mis28,code,8065,2,
f54f6bf6,nwsp6,code,3781,1,
f56401fd,ARDFNS,loader,223,1,
f56421fc,CATALOG.TMP,data,640,1,matched
f5693879,GRAFIX,loader,1433,1,matched
f56b7677,word,code,10776,2,
f575e032,Blackjack,code,25600,1,matched
f576a783,COLOR,data,256,1,
f576d3c5,consgn,code,3609,1,
f57bbff9,time C,code,4841,3,
f57efaf1,Multiply,basic,6038,8,matched
f589a948,macro,code,2308,1,
f5a5d6ff,!custom,code,1256,4,
f5a9dd49,VUFILE,state,49664,2,
f5ad259e,varsv,code,1222,1,
f5cb2de6,Hcode,code,2000,4,
f5cb3a24,DEM57,code,4112,1,
f5d10150,3,str-array,7008,2,
f5e2806b,t/snug,code,7616,4,
f5f7b2c9,macro,code,5090,5,
f5fb11e0,cd4,code,6937,1,
f5fd114f,AUTOSTART,basic,5089,4,yes
f60124ed,DEM89,code,4096,4,
f613b86c,entert,basic,4366,1,
f617eb35,10,screen,6912,1,
f618b929,ALIENS,state,49664,1,matched
f619b367,NAVigation,basic,4155,3,yes
f620248d,nodes,basic,465,3,
f634d827,DIALER,basic,3049,3,yes
f6489be8,ASTRON,basic,49153,1,
f64cdfd8,C68d2_zip,data,168960,1,
f6580fb8,PO+MM,loader,21857,2,
f665b42b,BANNER,basic,2094,3,yes
f665fdac,TypaL,code,13581,1,
f67111a4,DEM16,code,4112,2,
f69a11b2,TypLC,code,10339,1,
f6a80a24,AUTOSTART,loader,3649,1,
f6a904f3,DRIVE?,loader,3559,1,
f6adcd66,ffresh,code,537,1,
f6b2ab0e,DEM20,code,4112,1,
f6bcee57,TTUTOR,code,10973,1,
f6c3520b,SPECDRAW,basic,1298,3,
f6c7e7c7,feng2,code,12352,1,
f6ca49f6,grad,UDG,256,3,
f6ddf472,t3,code,5633,1,
f6f02eb3,MISSLE,loader,31848,1,
f6f403b7,JKIRK,code,6144,1,
f6f92afa,mis33+,code,7424,6,
f6fad62c,misc2,code,7897,1,
f6fe59a9,tblade,screen,6912,1,
f70015d5,HELP,code,1234,1,
f7005d33,WAVE,basic,1686,2,
f7017edb,USER KEYS,basic,472,3,yes
f701b849,edt,loader,3305,6,
f7064472,cnsgn1,code,4185,1,
f72e9645,mis18,code,8321,1,
f73f9161,vistad,code,1970,1,
f7490202,Psytron,code,25600,1,
f74a966e,tss-4,code,3865,1,
f74cc7ab,ani12,code,8081,1,
f756b1a5,deck3.rle,code,6144,2,
f765c653,LDTRACK,code,2064,1,
f76800a3,cust,basic,5533,4,
f76e8cf9,block1,code,18368,1,
f77abf66,FORMAT,code,6541,1,
f785cfda,Sqp2,str-array,5312,4,
f7a97a51,clone2,code,3168,2,
f7ab06ec,binprint C,font,768,4,
f7b8e1cd,GYPSY1,code,9272,1,
f7ba7163,TTT,code,13013,1,
f7c16ce0,ml6,screen,6912,4,
f7d0b6c6,muska.inv,code,6144,2,
f7d0c053,tb,code,2285,1,
f7d4f8e5,SHOWDISC,data,768,1,
f7dada3c,3D-LETTERS,code,1300,2,
f7dbdf58,Pg17,code,3489,1,
f7ddb755,MYSMANORs2,screen,6912,7,
f7e4de12,DEM46,code,4137,1,
f80429b3,CAD,code,168,10,
f8098c26,Utils*4,basic,4748,3,
f82312e1,page3L,code,24064,1,
f823d995,Tasword 2,basic,5479,3,yes
f82de3dc,Zterm-64,code,24064,1,
f82df4bf,Dbx,loader,3188,5,
f83a7184,Scroll,basic,1219,3,matched
f83bf174,anatomy,basic,203,9,yes
f83cc0dd,AUTOSTART,code,5089,1,
f840bd22,VF-TIMEX/MTECH,basic,6265,2,
f84915cb,COPY 4,code,4181,2,
f84cda42,rpt,screen,6912,7,
f85b0c6d,HOUSE,code,6144,1,
f8611a2e,sprt1,code,8289,1,
f86f623f,backgm,code,13333,1,
f87145c3,graphics,basic,697,2,matched
f8758c76,RECCAT,code,3898,6,
f8784e79,LK dsk cpy,basic,4325,3,
f8796687,01831,code,1831,4,
f88d1e78,sailng,code,281,1,
f8969c93,Derby,state,49664,2,matched
f8a8ad21,Bas2Txt.SP,loader,3241,2,yes
f8b11b43,font1L,code,24064,1,
f8b878bd,mscript5.5,basic,3249,2,
f8c034c8,cnsn2,code,4224,1,
f8c0d452,BS2TXT,loader,773,2,
f8d308ca,mscript5.5,code,3274,2,
f8d4fdba,BS2TXT,loader,822,4,
f8e309ba,FORMAT,code,6541,2,
f8efa1da,taspak,code,417,8,
f8f2bad2,cd5,screen,6912,4,
f8f693be,bold,code,29,6,yes
f8f9fa79,@MARTYM,screen,6912,4,
f900b182,L,code,3644,1,
f9042b3f,FRESHN,code,2292,6,
f930b79d,128401,code,13968,4,
f9458d9c,solitaire,basic,7526,1,matched
f948e6ca,UDGs,code,168,1,
f949fcff,sm,screen,6912,4,
f94eff0f,"Musics, 3",basic,2773,3,yes
f969a6a7,CAD#3,loader,6469,1,
f96d7e77,earth2,code,13184,1,
f9745bb3,CARD MAKER,basic,819,2,
f97cb73b,ocean def,basic,6763,2,yes
f98be9d6,hyperchssC,code,5535,3,
f9908d98,*bugs,code,3863,2,
f997eb21,tasword,code,10751,2,
f9a4cd9f,copy12,loader,4518,1,
f9b11854,sprt5-,code,7737,2,
f9c07b11,comp2,code,5121,2,
f9d5c894,MONROE,code,6144,1,
fa028e73,usa,screen,6912,1,
fa094013,AUTOSTART,loader,3585,1,
fa0e0fb7,WRITTEN BY KRIS BOISVERT,loader,1293,1,
fa23bf14,msdos2,code,11264,1,
fa2f9068,nws2n3,code,4224,1,
fa2fa1f5,FFRESH,loader,982,3,
fa4537ca,catu91,code,20850,1,
fa5385c9,lifeinsest,basic,3217,3,
fa5c13cf,piano,basic,4694,1,matched
fa62fb6e,ZPE,basic,6075,4,
fa7d9d6c,CRISTY,screen,6912,1,
fa86c7c5,ade0,code,5533,1,
fa8ea7eb,moonrescue,basic,6179,3,yes
fa9195ea,CALNDR,basic,13643,1,
fa92289d,skiing,code,9216,2,
fa933d5a,841001,code,14905,2,
fabfe80b,DEM36,code,4112,1,
fac18eaf,DSKRCVlist,basic,5096,3,
fac8c87f,DATVOC,loader,737,1,
fad97cac,CLENUP,code,2536,6,
fadb7b11,Fill,basic,1638,3,
faf4e2c8,perfid,basic,4605,1,
fb00b30d,santa.G,UDG,256,5,yes
fb07f77e,Album S,code,34623,5,yes
fb10fd2c,VCPRINTlst,loader,3297,3,
fb29bd81,l3,UDG,256,2,
fb33086a,first,code,6033,1,
fb34b465,misc4+,code,7248,7,
fb36c614,uhw070,code,4249,1,
fb475eab,msdos,code,6302,1,
fb49ddbb,P/F+5,code,2046,1,
fb5ddd6a,CURSORADV,basic,6065,3,
fb6fd258,misc5-,code,8160,6,
fb708392,WHAM,state,49664,2,
fb70cf4f,xmas4+,code,8192,4,
fb798c3b,ramrp,code,4160,1,
fbae3fc5,tsh-2,code,3929,1,
fbba4d1c,se-kaa,screen,6912,1,
fbc81550,Bricks,basic,4353,4,
fbcab652,QBERT,basic,7172,2,matched
fbcc2eeb,RAMDIZK,code,1014,5,matched
fbcd65fb,CML,code,25,2,
fbe63737,AUTOSTART,code,5937,1,
fbe7f67d,Tinyboard,basic,9054,3,yes
fbf514f7,DEM80,code,4096,4,
fbf73194,BINARY NO.,basic,1721,3,
fbfb55c1,consgn,code,4249,1,
fbfd4f24,COLTTR,code,12333,1,
fc0251a0,DEMO,loader,9085,1,
fc24deb6,NMI-F,loader,833,2,
fc2f67f6,AUTOSTART,code,4512,1,
fc3313bd,LETTER,basic,692,2,
fc438200,Blockbuste,basic,5746,8,yes
fc46fd03,EVRGREEN,basic,7729,7,
fc56c96f,otln,code,15463,1,
fc5872d4,TicTacToe,basic,4287,3,
fc5999c1,multi tape,basic,4369,3,yes
fc5cb4a9,Dam Attack,basic,10408,3,yes
fc60f843,FONT PKG,state,49664,1,
fc626a19,ani13,code,25,1,
fc69cb18,cookbo,code,10110,1,
fc729428,Pg50,str-array,4328,4,
fc76ec3c,rpt,code,6937,1,
fc819f60,studio_mc1,code,30672,2,
fc82833b,mis31+,code,7696,6,
fc8881f6,Sat-Bahn C,code,9100,3,
fc89d36d,platoo,code,43046,1,
fc91ebe4,LARKEN ELECTRONICS,loader,731,2,
fca13200,HOT Z 1.9S,state,49664,1,matched
fca1cd7a,cd4,screen,6912,1,
fca23116,mouse3,loader,1145,1,
fca8701d,TINDEX,basic,4826,1,
fccbce2e,pg,code,3644,1,
fcdea345,BANNER,loader,1113,1,matched
fd05699f,see,basic,340,4,
fd06e17f,MOONCL,loader,2549,2,
fd148afe,ani13,code,7609,1,
fd1b3714,t1,code,5283,1,
fd1cacff,HARM_E,code,13824,1,
fd41d750,JKIRK,code,21304,1,
fd46aa31,tss-9,code,3712,1,
fd486481,PARTII,code,16128,1,
fd49c053,DEM41,code,4137,1,
fd4e3a04,JACK&BEAN,state,49664,1,
fd4ebd39,<tasc2,code,60,2,
fd56dccf,RECCAT,code,3923,2,
fd5af057,ql-3,code,3673,1,
fd68e8e2,confusion,basic,3056,2,yes
fd703f39,ART1,screen,6912,2,
fd727ddd,pgn,loader,1077,4,
fd74f3e4,Header,basic,1195,3,matched
fd77a227,xmas2-,code,7905,1,
fd805c9d,FIRST,code,15404,4,
fd95db83,*RAINBOW,state,49664,1,matched
fda08f93,tss-6,code,3801,1,
fda763f5,ALIENS,loader,221,2,matched
fdb75dff,DEM36,code,4137,1,
fdb8cdd0,clone1,code,2194,6,
fdc26e53,2,state,49664,1,
fdc3da65,autodial,basic,1162,2,yes
fdd9325b,Word sorts,basic,2220,3,
fdd9d3ed,b2,font,768,1,
fddcb510,W,loader,4922,1,
fdf0d79a,anim2+,code,9080,2,
fdf52895,gauntl,code,43046,1,
fe06bd6a,CONTOUR,basic,2900,2,yes
fe220b5c,Xpr210_zip,data,72192,1,
fe23fade,Language Usage III,code,25600,1,
fe3723d2,DEM85,code,4112,2,
fe459a10,098801,code,9368,8,
fe52e9c8,RADLOADER,code,800,2,
fe5417f0,PC-Print c,code,1042,4,
fe6d6f1b,mike07,code,8473,1,
fe7422b3,HdrReads 2,basic,3136,3,yes
fe7f2c35,sprt1+,code,8264,5,
fe83c78d,msdosexpan,code,4140,2,
fe8db690,anim8+,code,7464,4,
fe9baab2,WUMPUS,loader,10011,4,matched
fe9c2938,mis22-,code,8273,2,
feb13b3a,keys3,loader,6106,4,
febfc06b,BS2TXT,code,2223,1,
fec2dbbc,HEXDUMP,basic,721,3,
fec5ac6b,rpt,screen,6912,4,
fecb217e,ani10-,code,7881,1,
fed6677f,Z881st,code,12160,2,
feda976f,HELP,basic,1209,4,
feeb96c3,tasword,basic,5853,4,
fefac9ec,MUSICFEAST,state,49664,2,
ff0a2584,Cdbse,loader,3388,4,
ff0b4c5b,MOIRE,basic,2851,3,yes
ff0ea2bd,mis25-,code,8865,1,
ff17eb92,SQUATIMSCR,screen,6912,2,
ff25de57,usw119,code,3648,1,
ff26d37b,5,str-array,6658,1,
ff32459a,128 colors,basic,741,4,matched
ff3ff336,pinball,state,49664,2,matched
ff4a3c05,eye1,code,8192,4,
ff4d7e42,078911,code,3270,4,
ff51fb39,3DSTRAT'68,state,49664,1,
ff6a1cd5,a,code,6937,1,
ff6acbcc,NOEL,screen,6912,2,
ff834c51,Maze,basic,8311,4,
ff8417d3,Unifile7,basic,32685,2,yes
ff8a8fae,Stat.Anal.,loader,23266,3,
ff9c2019,anim5-,code,7873,2,
ffb4014b,840904,code,9847,2,
ffb90283,nwsp1,code,2744,1,
ffc0a961,cat.G,UDG,256,5,yes
ffcfa481,G,screen,6912,1,
ffdad0c4,menuhlp,code,2560,2,
ffe0a486,WORM,loader,5815,1,
ffea2d6c,SHOW$,loader,1048,2,
fff27ed4,3Dcharset,basic,2119,3,yes
fff37c54,studio1,basic,847,2,
